0,0.9339983709198849
1,0.542743447259031
2,2.5007628495561027
3,0.22492266023766505
4,1.8426523930322385
5,-0.7917362442418319
6,1.330370233128278
7,2.486821569687682
8,1.7665061567052254
9,0.5297055533004
10,1.5024201140366535
11,-0.03755175582929193
12,-0.5878461227430927
13,0.8200749584791263
14,0.5582342579292792
15,-0.502221899558992
16,2.20138553170025
17,1.4628964414655903
18,2.9418720191607006
19,1.565304700972372
20,1.9080724649661993
21,0.9270651362606781
22,1.7412115667727344
23,1.1499286185328748
24,1.7152595728096895
25,1.4789010375095413
26,1.4789010375095413
27,1.5762264925351355
28,-0.7620654272785656
29,-0.7430353343815659
30,1.5246262037945537
31,1.4103715258912737
32,3.725969393401587
33,2.8208046393511967
34,1.3905428245706388
35,0.744349157165589
36,1.4933096477387475
37,1.150491364037773
38,0.7696162344160077
39,0.658808649685303
40,2.177929621163411
41,1.5182752357803893
42,0.7253981063252836
43,1.3946265369156334
44,0.9280632230231081
45,1.4793328731526167
46,1.5041776665437796
47,2.5783255011200987
48,1.7152595728096895
49,1.896446242357283
50,0.8066355939566636
51,0.12739708989389142
52,2.406343207761228
53,1.1923962076860595
54,0.276717630348569
55,2.8746066787056552
56,2.1462190400236465
57,2.46372601564811
58,1.7745974740999226
59,3.7322221964684874
60,0.30858388647913726
61,0.9205086189284173
62,0.7563128722291977
63,0.34679419972162184
64,1.8306086268636714
65,2.631271207619802
66,1.4828021569256142
67,0.5968394852988633
68,1.5947321122115103
69,0.5363652876910161
70,1.6114334447875946
71,1.4789010375095413
72,2.0784152575472454
73,2.2064635933318675
74,0.38599755002692293
75,-0.1599726352329338
76,1.4516369814272143
77,0.7263282534726229
78,3.1924444856466208
79,0.9386897753743927
80,1.034157387405342
81,1.2869538370041074
82,2.27606726529306
83,0.7419003456843014
84,1.4789010375095413
85,-0.10727699634809773
86,1.9277210956094473
87,0.8727605361498694
88,2.4965521222311597
89,1.138084486437183
90,1.2278148808263813
91,0.30747094727981916
92,1.2208414928108098
93,2.538458227963689
94,0.6232382180049224
95,-0.12563252225006516
96,2.0701268075634633
97,1.015113369813389
98,1.0542556227671223
99,2.244960631300674
100,0.2330211837699614
101,1.3967741455033487
102,-0.42856584693613464
103,-0.49123144171361144
104,3.794827569461935
105,0.11251821943605211
106,0.2098154792349649
107,1.252030088108538
108,0.7896847959131398
109,1.7152595728096895
110,1.7152595728096895
111,1.516781636943251
112,2.315792718597207
113,1.2005741883181922
114,-0.3673151090943465
115,2.5725691509153936
116,1.445635802834659
117,0.8834988946184967
118,0.8722480712330583
119,0.5366269248976563
120,-0.1767128378059326
121,0.3104901364938506
122,1.2786820085363806
123,1.0683154648499449
124,0.34953225034757907
125,1.7152595728096895
126,0.004001566656014921
127,1.4789010375095413
128,0.3509139771583675
129,1.4789010375095413
130,-1.8091460326246334
131,3.545551361208437
132,0.10346106495348573
133,0.9563607919753765
134,1.7152595728096895
135,0.37949792198681376
136,2.961714157574206
137,0.9242242928671116
138,-0.09559361841393521
139,1.2877812117114624
140,1.433096728735003
141,-0.3206311109721809
142,1.3547931097621764
143,1.0202229806355305
144,2.04703178763116
145,1.4789010375095413
146,0.8213935347364394
147,0.33916609802530673
148,2.954654989240744
149,2.287175894916143
150,2.123533868397102
151,1.6793738547446961
152,1.0411608159761432
153,2.923935667373878
154,3.6305156536979477
155,0.8029372568306301
156,1.4789010375095413
157,0.5773739714496309
158,1.2409615812330426
159,0.28504393031708974
160,1.7152595728096895
161,0.38050595562029454
162,3.7958562140181984
163,1.072467013188099
164,2.696156433388056
165,-0.16779867357319422
166,0.8598668779983311
167,2.093788557731079
168,1.7152595728096895
169,1.1917616500930446
170,3.6927710178839748
171,2.1900779454441857
172,1.4789010375095413
173,1.4789010375095413
174,1.7152595728096895
175,-0.07523617239799352
176,2.3007597165801643
177,0.03815777503373119
178,0.555844945691508
179,0.7287172597690741
180,0.880261409388206
181,1.8247581920349731
182,2.941267400487823
183,0.13216749257546057
184,-0.0627760000006572
185,0.7838234207521075
186,1.9409494798201372
187,1.0450003512033441
188,0.39863442146488803
189,3.4728466150675783
190,2.7900405395091186
191,1.3022418247931442
192,1.7152595728096895
193,1.4789010375095413
194,0.6201237034168591
195,0.664224973243906
196,0.6815234610579453
197,2.616591178423767
198,1.7535450070958278
199,1.2954489104223466
200,-0.29209220196477426
201,0.009724970858744353
202,2.2330616571315236
203,0.8949959091358499
204,0.7888094502732429
205,1.8410783687234604
206,2.151797760003839
207,1.0522416725236141
208,1.621740170985637
209,1.846893824655174
210,-0.4597368981717789
211,0.23076625481153834
212,0.47923930931133507
213,1.4498340870363697
214,1.4522133952022134
215,2.7210883470136187
216,1.640832705194486
217,1.5780751596528702
218,2.995622633686053
219,-0.19226487828175687
220,0.158679336494294
221,-0.5893963139894576
222,1.1544758824334502
223,1.7152595728096895
224,1.1169264281848579
225,3.5577258399247778
226,1.3239114744222467
227,1.7791281296337804
228,0.829531933720697
229,1.4504758324168907
230,0.48188376845726144
231,2.1107904121919523
232,0.35079620683475377
233,2.3376398275270316
234,0.6648948806115771
235,-0.14546298160197035
236,1.4789010375095413
237,0.20885678457627543
238,0.4299655139011965
239,-0.9664793272246412
240,1.4213175379916037
241,1.3079505815388888
242,4.833759865216418
243,1.0068971736638739
244,1.4789010375095413
245,2.550691215494033
246,1.312087573746506
247,0.9609803852336936
248,2.4328420852143897
249,1.5924054458158272
250,2.355289932384925
251,1.7091207528654422
252,1.4599314159618686
253,1.7152595728096895
254,1.7152595728096895
255,0.7549793559551473
256,1.911784301428122
257,0.5939180636849323
258,0.1884024235199564
259,1.7811628933966763
260,1.7152595728096895
261,-0.1704077488471356
262,2.4094733422017804
263,0.655105284971701
264,1.6146928119177675
265,1.9351967938997179
266,1.0982994301512043
267,3.2957764972654955
268,0.30606557658829514
269,0.17885820658241958
270,1.4789010375095413
271,1.2181568990946974
272,1.4789010375095413
273,-0.8108026042365841
274,-0.5204932902219859
275,2.0448951057508498
276,0.6163778983766102
277,1.1173144930274606
278,1.7370720275101939
279,2.2660213293896474
280,1.9703550766714104
281,0.7841386250226222
282,1.4989125937335668
283,1.969123923519441
284,0.5574074041976753
285,1.6378157427753304
286,0.5084838027136618
287,-0.03564541994353432
288,-0.0006385202679013435
289,1.8826337016714243
290,1.398072575298045
291,1.898912123640934
292,2.2985666146382493
293,0.5930072580592013
294,1.206923087052765
295,0.5120454537233863
296,1.1142348462371976
297,1.1024025542893745
298,1.9568409403525227
299,-0.6615986241561731
300,-0.8503429428509812
301,2.029911723653865
302,0.25140918958915304
303,2.271079641363988
304,3.4276999961033976
305,3.077419276844104
306,2.111461948579856
307,1.7152595728096895
308,1.4789010375095413
309,2.900705009794943
310,1.4789010375095413
311,-0.7697847609451731
312,0.5313090464369026
313,1.6746825378081809
314,3.3413569141025974
315,2.1327438689965583
316,3.8777563006950193
317,1.4789010375095413
318,1.4789010375095413
319,-0.4500948975539838
320,0.8807388362134594
321,0.923184613006629
322,1.4771435144713183
323,1.4107302295385893
324,0.9254108932606075
325,2.7968497603119706
326,4.286108710459237
327,1.7056472479769447
328,1.5561318665787887
329,0.454099870780461
330,0.8100416085524969
331,2.931206192457565
332,1.6608212533243516
333,0.412257380606168
334,1.0081599000262316
335,1.5482184930981422
336,-0.7856835173014174
337,2.347859896137215
338,1.2903031827364086
339,0.7109131170932687
340,-0.0783650307347814
341,1.550718840744479
342,-0.6022711527841504
343,-0.8866581721661473
344,1.7152595728096895
345,1.4100939290443129
346,1.0312612766517488
347,0.5113516056633455
348,1.7152595728096895
349,2.132052743679191
350,1.7152595728096895
351,0.511496520963398
352,0.5397765567924453
353,1.6502547106661671
354,0.9623148152021757
355,-0.4207871803922505
356,1.406446842989782
357,0.38836815283012405
358,3.7468029169691994
359,0.06356420701666532
360,1.4789010375095413
361,-0.23087554506973262
362,-0.34573482800851907
363,1.4808677001713773
364,2.269972687698978
365,0.10659991924406431
366,1.1461953955197073
367,0.3388890048497185
368,0.4164070948554901
369,1.8700423788135478
370,0.7201520732827662
371,0.3010228277426106
372,1.1324592708931893
373,0.6959192900456561
374,1.8958664010572006
375,0.1633468053336904
376,1.7037464671809475
377,2.114328371027621
378,1.4789010375095413
379,1.0017211816939646
380,0.2468968915868981
381,1.3011891893267162
382,0.26252967734623067
383,0.9077855623851403
384,1.9965015879734627
385,1.5814182035184468
386,2.447679367682065
387,2.042525227955084
388,0.5699392251044839
389,3.1432749188013087
390,1.3465498677065002
391,0.042206132452278666
392,2.240216232161414
393,2.485709663702313
394,1.4789010375095413
395,1.795384224717278
396,0.24629708620129054
397,1.2189522430986328
398,1.4789010375095413
399,0.9630577070249833
400,0.14297188526892213
401,1.5436807570034072
402,1.4424942471886018
403,1.7152595728096895
404,-0.026455444282488028
405,-0.9501563497013579
406,1.826706067418646
407,0.8927696966639571
408,2.303949355748239
409,2.4791088394782497
410,2.8487547391968686
411,0.4638391824282714
412,0.3210124478939037
413,0.6217871420150078
414,1.3004484149621802
415,2.9382095302094573
416,-0.4063638374437817
417,1.3319710561429219
418,2.2822943975324663
419,1.7152595728096895
420,1.3088960939471896
421,1.4789010375095413
422,0.12588651784768845
423,1.403397207607663
424,1.8541271928266423
425,2.8981411169562774
426,0.5451706153621274
427,2.1897954408797276
428,0.6049305460195455
429,1.5983606665352117
430,1.4789010375095413
431,1.3181917430414403
432,3.1725497208521354
433,2.7734244346195425
434,-0.6526915152899007
435,1.4315696559483377
436,0.5016107178410996
437,3.1513554637481676
438,2.015415922089799
439,2.6619499241844657
440,2.172995932190478
441,2.469673185447262
442,0.14793176809892783
443,1.7152595728096895
444,1.9877155447471309
445,0.8715069555243671
446,3.5592940498724137
447,1.5934727489079683
448,0.8314684386346682
449,1.3878642305172706
450,0.3335718047995464
451,3.171597279485166
452,1.3952238327341746
453,0.17671329527675228
454,2.806100119280516
455,0.822680881863968
456,3.265066677647289
457,1.0199952116325584
458,2.14725716102404
459,0.839168857301875
460,-0.09348640534797958
461,0.7043641851903542
462,0.6384438818125906
463,1.7152595728096895
464,1.871245732392845
465,1.1897117686929577
466,1.566860643700346
467,2.882655600301959
468,1.8594983943514742
469,1.9903979782741898
470,0.16973074607498995
471,1.4789010375095413
472,2.7030576585238597
473,1.9053912533015132
474,2.461033673052488
475,2.0106049163301245
476,1.5521931510249933
477,1.4789010375095413
478,0.5156032487854636
479,-0.5485596351955533
480,1.0642037869644074
481,3.1281141552734404
482,0.6845317577453983
483,0.16461323776307535
484,2.9005353209084417
485,-0.7074009487927846
486,1.4789010375095413
487,4.043744655406686
488,1.2007422140732769
489,1.4789010375095413
490,2.6289052192205498
491,1.2654700134706356
492,0.6285205118772341
493,1.13339766676055
494,0.4623632430433866
495,1.1130012060326455
496,1.7645341294729113
497,1.1793317181616176
498,0.6013654037698518
499,4.14776469440615
500,1.0312209839332775
501,2.5203768887571103
502,2.0266994461173677
503,1.047422515006608
504,-0.6674425087683444
505,0.764685564585883
506,1.5490678465093537
507,1.4789010375095413
508,2.2237533702967043
509,1.924476817192538
510,2.665730841063371
511,1.4789010375095413
512,0.8089985779210221
513,-0.5642932220843413
514,0.6326378119095792
515,0.20855053995425554
516,1.2603964381605623
517,-0.6025649475230856
518,0.5527866953178765
519,3.1294580319000223
520,0.2395439161361419
521,-0.10788737452396036
522,1.2986372744606802
523,1.7846928623098766
524,2.0966832753848186
525,3.199544870775159
526,2.1707148409398704
527,3.760564182567557
528,0.2513511421591541
529,1.9980814944391878
530,-0.20907268017048142
531,-0.4119422848533616
532,0.12198540982005168
533,1.4789010375095413
534,1.379171395486192
535,1.5649351698263099
536,0.6503777680066427
537,0.49376292519040055
538,2.188505238690042
539,2.9486865649176695
540,1.3500372993134253
541,-0.4805889472083755
542,-0.29366740714546435
543,0.8184674679929274
544,1.4789010375095413
545,2.656696830115801
546,3.001535312294225
547,0.8819500377694365
548,1.6200191215631843
549,1.7152595728096895
550,2.6112037128585817
551,1.4789010375095413
552,1.8171564223322991
553,1.234275136435759
554,0.6440143907007186
555,1.9482692838155322
556,0.4597536206102334
557,0.5294818365472482
558,1.7152595728096895
559,1.7118170763942573
560,0.5581368294696232
561,2.5121026957008388
562,2.509298747092169
563,1.4246526693705073
564,0.43793479201119156
565,-0.18116629780318494
566,1.2821470175396548
567,-0.060464923418921845
568,1.5175455109088456
569,2.486485223780825
570,2.918773069485768
571,1.0759063202249248
572,1.7152595728096895
573,1.4789010375095413
574,1.7605566019738998
575,1.2390818783940876
576,1.1744855143629356
577,1.6457975810823524
578,1.7796425754384118
579,-0.03553194519467717
580,1.4789010375095413
581,1.0885645176731646
582,1.7152595728096895
583,1.4789010375095413
584,1.9824936233891157
585,0.753097113394009
586,0.5540930222627871
587,0.5584206776945845
588,2.085526030916601
589,0.8738654593411069
590,1.191411599465403
591,2.5540784171884687
592,0.12342905107319013
593,0.5001372424767603
594,1.4789010375095413
595,2.578040595181279
596,2.304657687692048
597,1.8415165481367777
598,1.7571983814021221
599,1.2649747851502515
600,0.7115988170000836
601,2.149787752995442
602,2.1473248470974506
603,0.11680887829769504
604,0.9560557532525187
605,-0.4455472549694146
606,1.988676849208741
607,0.531673577065889
608,2.9993872954595817
609,3.5730007934201264
610,1.0237185407541949
611,0.6228208724871835
612,2.920530989133008
613,0.2172241715028953
614,1.7152595728096895
615,1.03195251727799
616,-0.2973741729835835
617,0.40294836603463335
618,1.4596253043516008
619,1.1771427497963582
620,1.9779055714727816
621,1.4471997850225948
622,1.9164446909581014
623,0.03068063725506409
624,1.4789010375095413
625,-0.1370358065228643
626,1.7152595728096895
627,3.0299388257818185
628,2.714730060330102
629,1.2506414315138945
630,-0.45013509199029555
631,1.4789010375095413
632,1.417634305035086
633,0.858033458555292
634,1.7152595728096895
635,0.6905985321887714
636,4.02892578515768
637,1.8658467452800118
638,2.692059965625437
639,1.3737867984703809
640,1.4611240167660755
641,1.4789010375095413
642,0.9677448514780305
643,2.9258398791684814
644,1.9039021393729476
645,2.848894167828706
646,0.34568427743690355
647,0.38680607768318176
648,3.5595185385532075
649,1.884289975430952
650,1.6765335798453114
651,0.38194236838146833
652,-0.015712933237574944
653,2.3262543484830305
654,1.7152595728096895
655,1.2205482202062627
656,2.19677812532844
657,3.2516910327473996
658,0.47423305502011237
659,2.0523873724452737
660,0.9899550843106943
661,1.0634964316468325
662,0.9747866976416013
663,2.157018507257581
664,-0.27080758752496514
665,1.7152595728096895
666,1.8250296440198406
667,1.1108490008076783
668,1.5395790331905133
669,2.568772227731036
670,-1.0263972637897028
671,2.2549655501435044
672,2.8447509266443998
673,-0.35465531663998173
674,0.5428795671151676
675,2.346132360242838
676,0.9682315079522157
677,1.7706439191964303
678,2.352484545189996
679,0.7216860771526555
680,2.810350800727976
681,0.8674373761042098
682,-0.39892546789551364
683,-0.08020599918990046
684,1.3525746695029401
685,1.3314010270055692
686,1.1076601952162946
687,-0.45272165426304345
688,0.7294840124594524
689,0.8592949274926784
690,0.3778672225266848
691,0.7379177215106241
692,2.2906960371767666
693,3.124673615721974
694,2.343021514464284
695,-0.24679241404938246
696,2.257621901450089
697,1.1270775164394986
698,0.6110295363617643
699,1.3252672561467438
700,1.2881179904175364
701,1.6563992888418335
702,2.1009234079809365
703,1.7152595728096895
704,2.6123651854019476
705,1.21053837675719
706,1.5068703092053979
707,0.8792628833987752
708,0.36226056690087904
709,0.9458413791501707
710,0.36393666334665675
711,1.6948045394420252
712,0.1005475029275471
713,1.2023234001545433
714,1.7152595728096895
715,0.8546492849022556
716,2.0645745405689375
717,-0.6112900143073035
718,1.2212541467935056
719,1.533691531026246
720,0.18771949072113125
721,1.8217855836824772
722,1.2514236024961412
723,1.0578957737897432
724,2.1566633923722014
725,1.2137146500193712
726,1.4789010375095413
727,1.4411826275832025
728,0.5242075362301569
729,0.32854814062531257
730,0.9214555833017366
731,1.007552082961615
732,1.4789010375095413
733,0.3983940876662284
734,2.0308534273730356
735,0.9106087315066885
736,2.917763318203778
737,1.1105430037183806
738,0.8529251112276579
739,3.9108461565847152
740,2.177762010363816
741,1.0162877975671836
742,2.1345447402069713
743,0.8375015630639143
744,1.4789010375095413
745,0.19497019185449171
746,1.648610892210892
747,0.8040899243702518
748,-0.8789757333243235
749,0.5786771506439621
750,2.020104300882279
751,3.7052227968909404
752,1.4789010375095413
753,2.140638968456126
754,2.1524753793313804
755,2.588618663762963
756,1.4789010375095413
757,0.025663406176089865
758,1.4563226932042856
759,1.4789010375095413
760,0.9649017454986986
761,1.7152595728096895
762,2.94221777044751
763,0.5263193191613147
764,1.0314794955719682
765,1.4789010375095413
766,1.0885125141608882
767,1.0266904273405644
768,0.9997099335547839
769,0.9988534319858535
770,-0.16600732836269683
771,1.3592913424846869
772,3.9414393770994307
773,2.2287299508461977
774,1.7152595728096895
775,0.723520462594267
776,0.8116937895260695
777,1.7152595728096895
778,1.9808717252779169
779,2.362598058759917
780,0.9434667265590999
781,1.4789010375095413
782,1.901767928534543
783,1.0244077000945966
784,3.0538023168594663
785,2.2353078764676697
786,0.4943010619992658
787,0.8296876737885065
788,3.0850242375862207
789,1.0891422239068007
790,1.939107406138963
791,0.23419202170864417
792,2.3447124775494474
793,3.9581387333317406
794,0.47926027280309147
795,1.8498665912019998
796,0.15434904961570606
797,0.16940517735301852
798,1.1401064380178205
799,0.6201298886146694
800,0.3956771014383468
801,1.5368301617298128
802,0.7893716788720819
803,1.8230995916929336
804,2.4977675799117476
805,2.3524990877573404
806,1.7495731039742077
807,3.3506278837042203
808,1.8881824747823717
809,1.8260595059446991
810,1.2267363211193407
811,1.7152595728096895
812,2.0677513660041438
813,2.4754842107705697
814,1.91724846820123
815,1.188830716941367
816,0.1737780151333128
817,1.5532665178824083
818,2.0786085187992844
819,0.02544805907015535
820,0.2553650208591369
821,2.7925424749380277
822,3.2342205227597898
823,1.6381985179445835
824,-1.436468902434057
825,0.935034964560836
826,0.646161037010931
827,2.3167545429295764
828,2.1381593629654434
829,1.3265563274134986
830,2.376605785063053
831,-1.2299693403325196
832,2.1986939071913127
833,0.9286393830210744
834,0.17904283525924836
835,0.5556339221554069
836,2.363319556371929
837,0.8626515590554749
838,3.082580302413726
839,2.163718428972595
840,0.6555351558012662
841,2.389856947631529
842,0.21688902382304942
843,0.4432726379919226
844,0.4712782559351032
845,0.8156540558754359
846,1.4789010375095413
847,2.9808307050580334
848,1.7152595728096895
849,0.36322353777278493
850,1.7446295704733106
851,3.2459629471852574
852,1.2718077850531047
853,2.4853379791880847
854,-0.2913281308055362
855,3.2363231429242223
856,2.766770324078812
857,0.946671782040768
858,0.21277585679314015
859,1.5415758425619794
860,-0.009012804114606476
861,2.0307224574399525
862,2.3250180974208075
863,0.2824854381998603
864,1.4789010375095413
865,1.3889505437986596
866,1.074942707283486
867,2.6919154031006327
868,0.18584485008039198
869,2.4130533455540437
870,2.4618411408864156
871,1.1818222028312935
872,0.2649717102242022
873,1.857328506763697
874,0.8487285131344584
875,1.5514971885285345
876,2.8009948269015332
877,0.4771584672831819
878,1.6720571358749063
879,2.114800984046178
880,2.0752103644436284
881,1.9658283539442238
882,1.917412433539197
883,2.5298627136590133
884,2.2532366113941404
885,0.8655919330350499
886,1.8815741604380143
887,0.3941973115263122
888,-0.8990152610862161
889,-0.023304396450498865
890,0.41163283673521656
891,0.14521330648434394
892,1.490689147965507
893,0.641827371471115
894,2.1451224939255384
895,1.9863078948747144
896,1.739131532572787
897,0.7807356133826766
898,1.521332633928224
899,-1.1994309823715734
900,-0.6713296228781835
901,3.279719989312908
902,4.011763988246292
903,0.5003416014296536
904,-0.5005997008536751
905,2.330300112799941
906,-0.19260847979448514
907,0.7879969406656661
908,2.7202304885717252
909,1.646157406636085
910,0.9406803149970258
911,-0.30946413338809586
912,0.6500524380960914
913,0.09897916551249719
914,1.4789010375095413
915,0.3139963581897651
916,-0.27460887705992865
917,-0.37515425563092486
918,1.0077311812508496
919,0.6168887739595199
920,1.563359634929296
921,1.9978491285522622
922,0.14709314343344393
923,2.2720500484160024
924,1.4839184750142356
925,-0.3245846465321418
926,3.0376072128750584
927,0.06594603716982328
928,0.8188451643671908
929,3.184348009533318
930,1.5979249568674991
931,0.6040733766820197
932,1.8891699030340647
933,0.45630344287457936
934,0.4061642429279083
935,0.9246883392519103
936,1.0639951253274418
937,3.7167934483447764
938,1.013324020488414
939,0.48140571158466916
940,1.6401492903153072
941,1.1984099885609503
942,1.8323835528162338
943,0.9467625664040635
944,0.19315232488012102
945,1.7152595728096895
946,1.4789010375095413
947,0.559621921543076
948,1.3650178838953937
949,1.7152595728096895
950,0.7819073403925498
951,0.1226633616327597
952,-0.23931153731805033
953,1.6678955786784218
954,-0.8177656476100061
955,0.7369188678357377
956,1.0462541849710387
957,1.58870665036175
958,1.4811467529819258
959,2.0969139087042166
960,-0.79583810631555
961,1.152142586981464
962,0.7433425358993486
963,3.093664135443757
964,0.8485240245099885
965,0.5086303694913781
966,1.36845895307527
967,2.8785846266222936
968,2.701873401050414
969,2.2952568288793462
970,0.869336246491005
971,3.3841926109403877
972,2.3116183040046474
973,1.7152595728096895
974,0.7619181376649672
975,2.8839152393793315
976,3.9845097665677236
977,0.7557909762558521
978,-0.006813118921684014
979,0.06630583844645743
980,3.32609161413985
981,2.0709787245964253
982,0.5416308201857195
983,1.7353788242295485
984,-0.3901328923460936
985,0.2104215939194043
986,0.7141067260645461
987,0.6628914525258396
988,1.946452834382781
989,3.0507032553866926
990,1.9988134912001536
991,1.2956955960747447
992,1.9700545488326442
993,1.609446868001265
994,0.36845239022152454
995,1.8902598784405038
996,-0.03982577741456206
997,-0.22007173814346315
998,1.1743612934368306
999,3.5562593571850685
1000,1.7015422289396676
1001,0.8860129246568431
1002,3.513874330813382
1003,1.939628977002685
1004,0.7543138934793538
1005,3.3129664394417153
1006,2.3572546752326105
1007,1.762297278681169
1008,1.7987801126654628
1009,-0.9671411659609714
1010,3.6310698264032935
1011,2.6604172952075853
1012,2.12601271998325
1013,2.2188691438860912
1014,1.1343055131965014
1015,0.876995422102629
1016,0.0650146794267712
1017,1.9044585307985376
1018,1.567899500946683
1019,-0.7970834853072186
1020,2.124423992479327
1021,1.1595620355070284
1022,1.6660434579678696
1023,0.1753115293157923
1024,1.4789010375095413
1025,0.719231660832119
1026,1.412427639825766
1027,1.2731227063458415
1028,2.564470832583473
1029,1.5778094634717617
1030,1.5465562587717727
1031,3.8554960536427405
1032,1.4753138994396742
1033,1.3157779747119263
1034,0.9729121942479848
1035,0.04408371898351571
1036,0.9063983592224618
1037,0.3039572950071794
1038,2.729238759423736
1039,0.5824322492126409
1040,3.4185281282011513
1041,1.4786666849363552
1042,-0.7873550121449924
1043,1.4789010375095413
1044,1.9535285115563328
1045,0.37527438650076217
1046,1.4789010375095413
1047,2.124347507454117
1048,1.4789010375095413
1049,0.7571747077619373
1050,4.269231020015678
1051,-0.813857698157983
1052,1.0445392562818756
1053,0.31215856499621797
1054,-0.05626698519484408
1055,1.4138583777783924
1056,-0.5094448330457826
1057,0.5232705433798769
1058,-0.1681041280738398
1059,1.4789010375095413
1060,0.3402605478506395
1061,2.2337063367383587
1062,1.0058908191505966
1063,0.03161368175075108
1064,1.3629928830469284
1065,1.7703225373373244
1066,1.4845079989739007
1067,1.6883500543165306
1068,1.4789010375095413
1069,3.178632190346999
1070,1.7152595728096895
1071,1.4789010375095413
1072,0.5769924697492673
1073,0.49695040381075095
1074,1.0396370380414488
1075,1.7152595728096895
1076,3.1384617367400103
1077,3.4546064259838216
1078,3.164816331868894
1079,3.035358483369932
1080,0.10549460913802622
1081,2.020428519399234
1082,1.0933708854917914
1083,2.656400347525535
1084,1.4962192797615077
1085,0.8265423600084068
1086,2.136535487374541
1087,0.8728154234662342
1088,0.9366729239804616
1089,0.39134699197199163
1090,-0.21320292134527352
1091,2.7724665270625533
1092,3.201611400708946
1093,1.7152595728096895
1094,1.3118875640463117
1095,0.3914399319234908
1096,-0.12344783740572063
1097,2.687600125482536
1098,1.4789010375095413
1099,2.603301211625824
1100,1.5184410736502074
1101,4.0986876133985675
1102,0.9316766278423256
1103,2.635994276587762
1104,2.94362273493499
1105,3.169639852907043
1106,0.16622906104573731
1107,1.910847299517429
1108,-0.6117198081049875
1109,1.793479259877933
1110,1.4789010375095413
1111,0.7935384565713637
1112,0.7517317506117189
1113,1.5191980442034367
1114,0.6364601696456279
1115,0.22175987520658902
1116,1.4789010375095413
1117,1.542238705266389
1118,2.117063311587833
1119,2.272865866162869
1120,2.002754692888931
1121,-0.7496907324127444
1122,2.0298874372137887
1123,1.4789010375095413
1124,1.7678910817150215
1125,-0.17885231559828685
1126,3.1628936863097534
1127,3.765228710403428
1128,-0.20963892671611517
1129,0.0030137870326496508
1130,-1.008326621752746
1131,2.12554500960242
1132,0.3647834948742198
1133,3.358050782546983
1134,2.7190511436198346
1135,1.80515500633304
1136,0.6769318928811028
1137,0.8150403118378542
1138,1.28595123782051
1139,1.1932276402672535
1140,0.8838312357227098
1141,4.491264310710423
1142,1.7152595728096895
1143,-0.5870071540217909
1144,1.3586701658806208
1145,0.6675400855606376
1146,1.6477167338633993
1147,0.8843079559690552
1148,1.5660481630663117
1149,1.1928447370651054
1150,0.6217795429736765
1151,1.1096408168338203
1152,-0.8189458937270606
1153,2.4182492672458897
1154,1.4789010375095413
1155,1.5303699798142782
1156,1.912917327418894
1157,-0.2370747796853454
1158,-1.8834030035292537
1159,1.6822053317421557
1160,2.1008864630764688
1161,2.033902085675171
1162,1.0767888527760898
1163,1.2795681662985585
1164,1.4789010375095413
1165,1.2838993507746568
1166,0.5397795250410524
1167,1.0926552837926986
1168,1.9393226638256242
1169,-0.3075865212661355
1170,2.048169261023996
1171,1.3053976264813838
1172,1.9839991256541896
1173,0.5704139057458482
1174,0.8662335483908261
1175,-0.23271017123392257
1176,1.1500340017124187
1177,0.4198444852212113
1178,1.4789010375095413
1179,1.5056799595415538
1180,2.0531490812249236
1181,3.590675879777004
1182,0.9356892392539495
1183,2.8182121144472356
1184,0.3111408738269521
1185,4.316606392828236
1186,1.089729915477377
1187,2.4107188289259867
1188,1.4639119358303483
1189,-0.29869063052900846
1190,1.8288505342216745
1191,0.749733497485044
1192,-0.9439180554549718
1193,0.30807652453869583
1194,1.7152595728096895
1195,0.5919477695994194
1196,1.8965805046153403
1197,2.480106377651155
1198,2.5546618193666575
1199,0.045337662247060706
1200,1.359250789288993
1201,1.8553501769915544
1202,1.7213609833177421
1203,2.78761249381294
1204,1.9420995106177172
1205,1.4909869949259846
1206,0.062129966392306946
1207,1.2209940214642272
1208,1.7152595728096895
1209,-0.11518477415656792
1210,1.7078729341004215
1211,-0.04231880392919907
1212,0.6253006155733618
1213,1.3767712057835306
1214,0.7566809833246311
1215,1.29159445910052
1216,1.576864135028416
1217,-0.43558449908230634
1218,1.1159999796070306
1219,2.0677382174813563
1220,1.7453277507833251
1221,1.2334834881148111
1222,0.6885438216329309
1223,0.4306293764533603
1224,2.009035397199607
1225,1.4789010375095413
1226,-0.5536996212466221
1227,1.372334659421573
1228,2.355919980379416
1229,1.1146003178858177
1230,1.7380465999936803
1231,0.2988768775585875
1232,1.5971923102716818
1233,-0.5687236446040036
1234,1.4789010375095413
1235,0.32705421483429176
1236,1.8037703690188807
1237,-0.459864258749052
1238,0.11072330901332395
1239,1.9240799061019547
1240,2.189413133362515
1241,-0.0873887415747121
1242,0.22193896032830773
1243,1.7204958221207496
1244,1.5874768795243264
1245,0.801677319899553
1246,0.9097750053492817
1247,1.5768753144594616
1248,1.7152595728096895
1249,0.4109524492758766
1250,1.7152595728096895
1251,1.4789010375095413
1252,2.4385152437779594
1253,3.4963985291312283
1254,0.3895787398217623
1255,1.3607733113581093
1256,1.330369847207959
1257,1.0225046623949923
1258,-0.29958215334432836
1259,1.895435990947059
1260,1.4441680557152494
1261,4.184746224107204
1262,1.982593148837982
1263,2.066336333649076
1264,0.5289549674491995
1265,-0.10111554806216438
1266,3.4382820234061233
1267,2.014369441934181
1268,0.8529970925935202
1269,3.4803753550655037
1270,1.1567954096206683
1271,1.097183576343349
1272,0.7094548967549145
1273,-0.19757738324266727
1274,0.8995015183595958
1275,2.4363719066156824
1276,-0.8133983137949343
1277,1.4863933139114924
1278,0.04709111008620681
1279,1.5895296098889315
1280,0.6423642063770736
1281,1.4979561130133237
1282,-0.9682289178469792
1283,0.5239894415534248
1284,1.4789010375095413
1285,1.5524731889423806
1286,1.5697729372538824
1287,0.7416054688179081
1288,1.4797635614593454
1289,1.224178353148135
1290,1.67667109756614
1291,-1.3188785247925883
1292,3.0158588140278395
1293,-1.0712205703658433
1294,2.2112678564251746
1295,2.0747813204055388
1296,2.6259314568616894
1297,1.6739617894776078
1298,1.1489690285269512
1299,2.8567339014471465
1300,-0.14332012856750942
1301,2.838165313002671
1302,4.236005035209148
1303,1.6187087281099162
1304,2.3451072062009937
1305,0.4991776134742817
1306,3.006147310740007
1307,1.259571476447667
1308,1.4789010375095413
1309,1.351216611369254
1310,1.4789010375095413
1311,1.6585466634131727
1312,1.2518098461852853
1313,0.3547549780117838
1314,2.7704584505217307
1315,1.0849365740579893
1316,1.6210688714969526
1317,2.7036973011801493
1318,3.7453822623387705
1319,0.7991220147721309
1320,1.4789010375095413
1321,1.1620960211508073
1322,0.18165652765961204
1323,2.5010153274661255
1324,-0.31621346153830787
1325,3.0138152218018464
1326,2.0895535050326344
1327,3.518461523723479
1328,1.8337807886752648
1329,1.1971070024186392
1330,2.62219797321443
1331,0.062278870932200414
1332,1.2204454616221327
1333,1.7013823767798748
1334,0.6485378794939303
1335,3.5926038750281397
1336,2.9797264205395786
1337,0.5163716227225252
1338,1.4789010375095413
1339,0.12162634445176379
1340,0.0673496440965895
1341,0.9815555607103423
1342,1.1098390383518901
1343,2.7117838609711242
1344,1.4789010375095413
1345,0.8700683213053582
1346,1.6376329664976017
1347,2.0038685576158746
1348,1.622028740137448
1349,1.124062159815083
1350,1.4789010375095413
1351,0.7766039806772641
1352,2.429109813913203
1353,1.4789010375095413
1354,-0.34866787101212804
1355,0.053150513086676954
1356,1.4789010375095413
1357,2.5232457413303573
1358,0.8239938771580868
1359,1.9592606094384444
1360,1.7280984326367905
1361,-0.10196544485701664
1362,-0.2559329672537298
1363,3.2661631785454333
1364,2.0636642806059413
1365,0.9368534476027968
1366,0.7389864150626788
1367,0.14505683075110554
1368,1.3805868641714483
1369,3.002095473092142
1370,0.9446082202003026
1371,0.6402133281965537
1372,1.0751882499258156
1373,0.879631901170487
1374,0.15774314608648998
1375,0.5465593040612252
1376,0.2308064012303399
1377,1.5752076961987007
1378,1.3865770293124287
1379,0.8814366066245582
1380,-0.11831319295604703
1381,2.184632272995368
1382,2.794678413113503
1383,1.1901154478684177
1384,2.338324753135511
1385,1.2111877559507116
1386,1.0984533477092608
1387,0.7126140972245427
1388,0.8369020455323455
1389,1.5096697854919392
1390,-0.1240683164095
1391,1.4789010375095413
1392,-0.08311877198860707
1393,3.1191125706527467
1394,3.076402695073858
1395,1.314653349808762
1396,3.376171382537994
1397,1.4789010375095413
1398,1.7338179192929863
1399,1.4789010375095413
1400,2.9921477832652874
1401,0.3342404938535696
1402,1.103272322662444
1403,1.6473645147700655
1404,0.8455849398494899
1405,1.4789010375095413
1406,2.047868396205961
1407,2.219423592868904
1408,2.1368379267030595
1409,1.312294874642036
1410,1.8843430327465704
1411,1.3614721319787546
1412,1.3403113045268957
1413,-0.6858574246428706
1414,2.402758290340473
1415,1.5432605457233608
1416,1.7152595728096895
1417,0.15306614095447957
1418,1.3552550426101992
1419,0.6707066397874925
1420,0.38927058753589494
1421,1.4789010375095413
1422,0.6616295835366914
1423,3.954757518177283
1424,0.3065786359400122
1425,-0.1348060526568462
1426,3.060895610510258
1427,4.769157879567449
1428,1.3477524226524646
1429,0.8726873410588079
1430,0.6543574063770331
1431,1.747786572958686
1432,1.328407785646765
1433,0.5804284170819417
1434,4.883807354517758
1435,3.2163645292287057
1436,0.4341090678297007
1437,2.449295810959982
1438,-0.25977571030217983
1439,1.0840014744328426
1440,1.781946321600195
1441,1.8911562496320613
1442,-0.11747658663904836
1443,1.1468390686098442
1444,0.4267166127961688
1445,2.2139669193739224
1446,2.426526733825254
1447,0.5768307364891412
1448,0.0022311371198886487
1449,3.3967165127874273
1450,1.02239881225176
1451,0.13305783338192745
1452,0.8264443803647997
1453,1.0955991784839485
1454,3.1287264154163377
1455,2.6964490404803128
1456,1.7152595728096895
1457,0.8654360706878992
1458,1.0843764851831044
1459,1.319620403874245
1460,0.6301032199096609
1461,2.8196829065976337
1462,1.4789010375095413
1463,1.4789010375095413
1464,0.46354821128201107
1465,0.9330634445470752
1466,2.1265170562929683
1467,1.2871705183684068
1468,1.1501316976987102
1469,2.021508915587037
1470,-0.3171787278951974
1471,1.2436655784456296
1472,0.5490997905150652
1473,1.4789010375095413
1474,0.5575764408572451
1475,1.7152595728096895
1476,2.5768248341294764
1477,0.3074655266496462
1478,2.1175936085724025
1479,1.704671258294565
1480,1.8531739056757868
1481,-0.2872730991925474
1482,1.7152595728096895
1483,0.21232477133115868
1484,2.388889005455546
1485,2.2367485786856403
1486,1.6467689203106424
1487,3.3610573653531373
1488,3.0142021964293075
1489,0.08542380356305457
1490,3.029325534631405
1491,3.000380333278688
1492,1.1435587376818983
1493,0.20852490911709953
1494,0.8524724076578512
1495,0.7777906179263311
1496,2.5869814448603687
1497,0.622642217986317
1498,1.0765103670917082
1499,0.7187190093893292
1500,-0.1266893862794729
1501,1.763546646707193
1502,0.7577876219242587
1503,1.7152595728096895
1504,2.2143209048933197
1505,1.9331185839240232
1506,1.6580337442438684
1507,1.1482481907465967
1508,1.9742645733675228
1509,2.4074665496634875
1510,1.4109741054469627
1511,2.9871985471860607
1512,3.296800551531357
1513,3.729565496827328
1514,2.6435129039209304
1515,1.457898634382361
1516,1.7152595728096895
1517,1.9948199922871876
1518,1.7152595728096895
1519,1.4789010375095413
1520,4.054509101927896
1521,0.329935686087096
1522,0.9501876215690661
1523,0.8347952264084848
1524,1.22409437663126
1525,0.088002458854334
1526,1.2396918886965536
1527,0.9153426363052521
1528,1.4789010375095413
1529,1.0799232210727499
1530,0.49230159775135474
1531,1.7152595728096895
1532,0.7561460527908023
1533,2.1537201011296663
1534,2.2016383978096368
1535,0.09769682813544267
1536,1.7152595728096895
1537,1.771897602474879
1538,0.34741694872827455
1539,-0.335434234623192
1540,-0.5887970569640166
1541,1.4789010375095413
1542,2.639271043695298
1543,1.414380094765589
1544,3.2726142454143865
1545,2.2875249945441465
1546,2.304892855104792
1547,2.5045321506814364
1548,1.277458482497754
1549,-0.0389994868807948
1550,0.03995592433222983
1551,1.1584937538834432
1552,2.0468591021358566
1553,2.212414125398573
1554,1.4964407108982676
1555,2.2451136992825114
1556,1.4940060794954375
1557,0.46155594803457367
1558,2.644387835965894
1559,1.7020610599896593
1560,1.4789010375095413
1561,1.9033843412502907
1562,0.29825571107619475
1563,1.653411440367807
1564,1.8683616503497507
1565,2.60449357731392
1566,2.5610449117477585
1567,3.1862528624239728
1568,0.6373163784556948
1569,-0.3891912953456711
1570,1.0534259093828044
1571,2.238597564079501
1572,4.570299301393857
1573,-0.03714515167996679
1574,0.3198812836577367
1575,-0.41597429551988685
1576,1.7152595728096895
1577,0.5884904508616609
1578,1.2504632879010409
1579,0.8054989577291087
1580,1.1381561672632623
1581,1.7414010320811368
1582,-0.2266816488465282
1583,1.832975929919709
1584,1.4789010375095413
1585,1.5168856724860045
1586,1.7152595728096895
1587,-0.026728387077161964
1588,0.08887794103369218
1589,0.7033686416657589
1590,0.0723278723453864
1591,0.22087538881350377
1592,2.0667760828880555
1593,1.2485895188535063
1594,0.6091350821583588
1595,0.4343367803632725
1596,0.5279440277917697
1597,2.1149330955862755
1598,0.1985963754674609
1599,1.04821881168255
1600,2.4939008282825337
1601,-0.46646921805097663
1602,1.8745810327555983
1603,-0.5808685477028541
1604,1.3735677108150726
1605,1.280226142383049
1606,1.7152595728096895
1607,0.7892975045546793
1608,1.7657549028041588
1609,2.2710232188422896
1610,2.1424776351601236
1611,1.703938138238347
1612,0.21543517479556407
1613,0.5838243804031451
1614,3.308463911548209
1615,2.8804839070041526
1616,1.161352738451095
1617,1.7152595728096895
1618,-0.29140160558985095
1619,0.25777374479566983
1620,3.7295791867755437
1621,1.7152595728096895
1622,3.5525359937217766
1623,1.9014058216019596
1624,3.455588840118644
1625,2.0391196499165156
1626,0.5620129574019488
1627,1.6340945972442023
1628,1.7152595728096895
1629,-0.2735591181743391
1630,2.9557540831660356
1631,1.2016548032005059
1632,1.435816943747874
1633,3.1273148290368615
1634,0.18818752835686325
1635,3.4063141408132713
1636,1.4789010375095413
1637,1.7431703751706271
1638,1.409394057579356
1639,0.21367381794630202
1640,1.2447001625916472
1641,1.3352979792786486
1642,1.7152595728096895
1643,1.7152595728096895
1644,1.4886375756629315
1645,1.8240668034419172
1646,2.70905596913188
1647,0.34922547347071586
1648,1.1096067985428533
1649,0.7893446196551752
1650,2.1899040087572668
1651,-0.7618041352295122
1652,1.8021166373561965
1653,1.8893604505116182
1654,1.7152595728096895
1655,1.9957887206815863
1656,2.26814373436514
1657,2.005323568173538
1658,0.9983531972548139
1659,1.4789010375095413
1660,-0.03955078490210906
1661,1.1082887861919213
1662,0.9022395097143017
1663,0.5580136111074491
1664,0.7204716353198941
1665,1.6980847804574806
1666,3.955430612446018
1667,1.3512459529215202
1668,0.4858480936942311
1669,3.139814352943154
1670,0.6745235819694759
1671,3.037933351210758
1672,-0.5463292772372828
1673,2.1542444480815197
1674,0.7337274856863929
1675,1.9092256196917177
1676,1.7880098197429244
1677,2.050731787589223
1678,2.8931820172559934
1679,1.3611706951244622
1680,1.668735930663901
1681,-0.6491355086141257
1682,1.1016137394869707
1683,2.5078423432633716
1684,1.5930628248279162
1685,3.81227626527665
1686,0.5905794366602413
1687,1.9356806981432664
1688,2.8877814658586614
1689,-0.1303045902096831
1690,0.47454883875586495
1691,0.8787667340576364
1692,-0.1875452092032841
1693,-0.6326472187724359
1694,0.24718271739996744
1695,0.48482262925696706
1696,0.6726882625292783
1697,1.5865858245649513
1698,2.173616187299436
1699,1.963772805427289
1700,1.7152595728096895
1701,1.4789010375095413
1702,3.641368043887552
1703,1.0880269586392837
1704,1.789828006239429
1705,0.16758359933185796
1706,1.6521392315657648
1707,4.10451305245947
1708,2.522141353760702
1709,1.5388873576138375
1710,1.4789010375095413
1711,1.0152380740505742
1712,1.6571529985206572
1713,0.7733420477749959
1714,1.293382913287018
1715,0.5616667061231047
1716,0.3479588526191312
1717,3.6308114914959955
1718,1.901532549474977
1719,0.6121170582451857
1720,1.6366965464627863
1721,1.4213058351385193
1722,0.013281932802700736
1723,2.7789091939417787
1724,1.8688542097524148
1725,2.8770501583904444
1726,1.9407337445601072
1727,0.5541855291802641
1728,2.6839329695181746
1729,0.8534665028848671
1730,1.7050552608179257
1731,1.0933235008243287
1732,0.061042124839397305
1733,0.16728171180860874
1734,1.6170974128448874
1735,0.516575083704891
1736,1.6341207667549646
1737,0.10720292271589194
1738,2.2172404878297214
1739,0.8667621655281703
1740,1.560565499093473
1741,0.7573591392116528
1742,1.0251165041369203
1743,2.781519572832595
1744,1.9510793457943203
1745,1.5484488632816489
1746,1.2342853189419922
1747,1.7152595728096895
1748,0.9652714412160766
1749,0.7370265014692908
1750,0.4431554021096923
1751,0.13743087866723758
1752,1.4843197554157244
1753,1.8570895892312687
1754,1.7746290049733509
1755,2.8122222547260742
1756,1.3668370183232694
1757,3.3523394252084557
1758,2.2346730286785927
1759,4.178676732683831
1760,3.301841018199841
1761,1.7152595728096895
1762,1.3648636862788488
1763,1.7152595728096895
1764,-0.46756981086551774
1765,2.2990659498895796
1766,0.23123035855581686
1767,2.083931096841382
1768,1.4789010375095413
1769,0.5910190571796774
1770,-1.1039081139227744
1771,-0.42316697219026955
1772,1.4466857800204558
1773,0.1715719713616881
1774,2.195801450526154
1775,1.7993899877331012
1776,-0.19123689198397753
1777,0.6407681237551073
1778,1.4667637734987558
1779,0.7331470810005821
1780,-0.5325019995651599
1781,2.498195411078319
1782,1.4789010375095413
1783,3.4134450072491727
1784,3.6321332087783555
1785,1.7452749507229643
1786,2.8828478019030257
1787,0.9416161838226575
1788,0.8827638496103434
1789,0.9630219348945805
1790,1.4789010375095413
1791,2.0624455867741185
1792,2.3018066825879986
1793,0.010154880081094886
1794,0.040361906431051864
1795,3.7954552384557583
1796,3.4886194443500465
1797,3.2310102200438884
1798,2.1117516416863458
1799,3.472451409546074
1800,2.2610701104919997
1801,0.7332419109250915
1802,1.4789010375095413
1803,2.9947234359103723
1804,1.3997492639863933
1805,3.9165688622833397
1806,1.7944722862348477
1807,1.4789010375095413
1808,1.5482184930981422
1809,-0.14322631545871345
1810,-0.5875212407367059
1811,1.2402302285088207
1812,1.7152595728096895
1813,1.288574539743368
1814,1.7385829267125572
1815,1.554460924502215
1816,1.4789010375095413
1817,2.221620048957465
1818,1.5757975140618068
1819,2.3103795750510883
1820,-0.327420499181553
1821,1.2053473537518946
1822,1.7455661939138496
1823,1.0332103209903856
1824,0.9445079919755295
1825,3.0575661958677305
1826,0.95472683230777
1827,0.6033521181693725
1828,1.7294309269649382
1829,2.502240576785445
1830,1.1896295440159403
1831,1.2920876988980619
1832,0.662110428815185
1833,1.4789010375095413
1834,2.64227893261804
1835,0.39228464067855484
1836,-0.3154380403851682
1837,-0.9550782026209892
1838,1.9025274457620736
1839,0.7644963924587028
1840,1.5103821096331602
1841,2.822802638718983
1842,1.4789010375095413
1843,3.483654678063609
1844,2.2466933939124645
1845,3.138437342658878
1846,2.1801278984778047
1847,3.1583479361280187
1848,1.4789010375095413
1849,1.7152595728096895
1850,1.4536684432868432
1851,0.8353583214149914
1852,1.7082006051452407
1853,-0.5297854655280485
1854,1.50174891439505
1855,2.7903156882116535
1856,2.435030209459939
1857,-0.2719447603606837
1858,0.5989504205126158
1859,1.599107936952299
1860,-0.5717074110033624
1861,0.8215419949001144
1862,3.223794803132402
1863,1.9662312317577886
1864,1.3663928240911904
1865,2.396398522383261
1866,1.5528831322210168
1867,1.1066069542247219
1868,-1.433752301830466
1869,2.865364863926672
1870,-0.12259432039842166
1871,1.1176935473568577
1872,3.3385930168078803
1873,0.012329217323686414
1874,2.4904987419764097
1875,1.0759532816000368
1876,4.255785931763125
1877,0.06692260498181035
1878,1.0025567008526441
1879,0.9180663196950953
1880,1.4822991869390207
1881,0.46849874850196804
1882,2.3656265069359486
1883,1.9044382814348488
1884,1.7152595728096895
1885,2.102421882338234
1886,1.6614164860398613
1887,2.8889873409751976
1888,4.278826377969798
1889,1.2394345363271
1890,2.6183722000509624
1891,1.4789010375095413
1892,-0.29785360707071806
1893,2.6633000647849796
1894,0.8935987510136412
1895,0.1695136023648911
1896,1.126452773465581
