0,0.3818787214008701
1,0.15613632984177528
2,2.264711752093195
3,-0.06653330543793956
4,1.1925934592400615
5,0.03831735716316942
6,0.5611887267611344
7,1.7077028065120778
8,1.006209015015589
9,0.4000829261378165
10,0.6807706041737909
11,-0.09139600410555815
12,0.04051342569515626
13,0.2688457329068008
14,0.1389281897754593
15,0.023796092793293866
16,1.8629146844455597
17,1.4614266034047212
18,2.496927760277675
19,0.531926979032324
20,1.4020637342035123
21,0.34448600705035304
22,1.1820555280383935
23,0.6566331507281582
24,1.0092080273315567
25,0.9910326666803151
26,0.9910326666803151
27,0.9473931486788167
28,0.014275043863438697
29,-0.2312271735877509
30,3.4208491747185015
31,0.8971930358645643
32,5.2792286783648485
33,2.586160730259042
34,0.7043707631577725
35,0.28086238933927987
36,0.7363429988086416
37,0.6188587902306502
38,0.6544063259089405
39,-0.35505635947221137
40,1.4031051966260755
41,1.03079965086771
42,0.46064513700115484
43,0.9697148161230764
44,0.46671793606508416
45,1.2371709702925848
46,0.9742559666583936
47,2.3550756641161463
48,1.0092080273315567
49,1.4418610655044297
50,0.04202342233786638
51,0.12286182463576623
52,2.355223259697471
53,0.5887026140612086
54,-0.026281516825360285
55,2.9796563739549136
56,1.7739765591527892
57,2.2286346224596976
58,1.3123771125135484
59,5.254164282767352
60,0.21575078096269706
61,0.7170530555818466
62,0.23818642627428588
63,-0.11859555327891869
64,1.2731282576905194
65,2.0094656707583916
66,0.6239754621981781
67,0.20178444311300225
68,1.1359460368662901
69,0.11838754776595195
70,1.359765048756561
71,0.9910326666803151
72,1.5280696959314817
73,1.9078369701313598
74,-0.15091416800039426
75,-0.12566865901636604
76,0.8901859543142798
77,0.4221027643349551
78,3.720157675175802
79,0.5294779580316238
80,0.5563972294963158
81,0.7976723068824079
82,2.0017926419785006
83,0.4284338687577254
84,0.9910326666803151
85,0.023147953979833602
86,1.3797305411329042
87,0.309860391854091
88,2.255320501481652
89,0.4816617146071174
90,0.6478809240951371
91,0.12407881891765626
92,0.6922281761191478
93,2.3054200145143575
94,0.2902184939094248
95,0.8624581072033841
96,1.4765470908624145
97,0.37308716115693485
98,0.4507537637334629
99,2.4782466897529396
100,0.23547088263727645
101,0.9353297654681576
102,-0.04196678964718714
103,-0.04332251818182087
104,4.79438365260653
105,0.12047930744295243
106,0.01389592860123301
107,0.45364466401604275
108,0.1955393545540467
109,1.0092080273315567
110,1.0092080273315567
111,0.6722372099574052
112,2.2176335520671167
113,0.802692382428166
114,-0.011486256121781224
115,2.2706536898190173
116,0.5104417271349924
117,0.5567632626598318
118,0.3588551072374351
119,0.06087756617755602
120,-0.11821709091260502
121,-0.060549675272635994
122,0.7247319014907596
123,0.5535441680248603
124,-0.0027577651674839387
125,1.0092080273315567
126,0.07019205111912541
127,0.9910326666803151
128,0.15872381286668613
129,0.9910326666803151
130,-0.40493093549225634
131,3.8451406723650514
132,-0.0029341280234795875
133,0.6154590545401
134,1.0092080273315567
135,0.5069309539344893
136,3.592783752071785
137,0.5240057140897996
138,0.014562885630983402
139,0.6806091700303689
140,1.0610085896356516
141,0.0071957564507449945
142,0.35058707577808335
143,0.6653765167026116
144,1.7080407113408462
145,0.9910326666803151
146,0.3703377658450684
147,-0.10894358224198797
148,2.5308048655063438
149,2.1645473962148465
150,1.1792576505306904
151,1.1304728381694993
152,0.7339497736630172
153,1.1831589594449845
154,4.184241003168314
155,0.25474930644672966
156,0.9910326666803151
157,0.21294072005604292
158,0.7991612977970597
159,0.12164833599949887
160,1.0092080273315567
161,0.05334765005510533
162,4.684425819935132
163,0.60573805852788
164,2.8453947509996063
165,-0.17162541170388224
166,-0.13592727363682044
167,1.7054955392235804
168,1.0092080273315567
169,0.5678003307053707
170,4.231797987923915
171,1.8732821140913423
172,0.9910326666803151
173,0.9910326666803151
174,1.0092080273315567
175,-0.12967935136510889
176,2.4868730529436114
177,-0.10345838898951953
178,0.1649439703447122
179,0.14011308366928077
180,0.07877451639841482
181,1.1123798623311707
182,3.4532801242340163
183,0.0750969213177548
184,-0.040955097745619895
185,0.18434267383956993
186,1.3818560757101643
187,0.6557441020134895
188,-0.05600238835775073
189,4.780935079893357
190,3.234755147912029
191,0.76251791215849
192,1.0092080273315567
193,0.9910326666803151
194,0.25430557676167
195,0.38040704418800786
196,0.16524648795381225
197,1.8891295291014565
198,1.0795282625110083
199,0.6622131370504469
200,-0.09506677798368557
201,-0.016572075778366724
202,1.6467061076763123
203,0.18611474081653867
204,0.3495065558802146
205,1.3573012576684285
206,1.7625290813768295
207,0.4753828345413247
208,0.9271540581802249
209,1.0823535569781946
210,-0.01788498150160578
211,0.38457523545377015
212,0.0945506748671967
213,0.7741952054923225
214,0.6368547924877141
215,3.089834589784619
216,1.3041794321207938
217,1.0363812504583514
218,2.766262073826045
219,-0.1903551905650822
220,-0.07108012434595068
221,-0.0004453150976466702
222,0.8412806958908057
223,1.0092080273315567
224,0.5121688159808748
225,3.8866947493046275
226,0.9308868256642207
227,1.386541544472312
228,0.043400397575442895
229,0.9920964244038721
230,0.1829066257179086
231,1.7565865203370556
232,0.12551256952967904
233,2.243678383458633
234,0.279715923391894
235,0.24424800987627648
236,0.9910326666803151
237,0.5302445990339386
238,0.11075272224177368
239,0.11139135939366795
240,1.2351845399855286
241,1.056982174436076
242,-1.4715302343672754
243,0.7684863634129222
244,0.9910326666803151
245,2.375646892544058
246,0.6692057026881351
247,0.5433998726218654
248,2.2342285704644844
249,0.6731430839785055
250,1.9676111322698837
251,1.0476492662870562
252,0.8384238867886786
253,1.0092080273315567
254,1.0092080273315567
255,0.12364988931698306
256,1.1739107940227207
257,-0.028007537107281877
258,-0.08716699232963876
259,1.40966691487289
260,1.0092080273315567
261,-0.16459031221996767
262,2.141397432804684
263,0.28973413693704586
264,1.260100606789809
265,1.0964349898350072
266,0.7474501475398263
267,3.8581139924796624
268,-0.05133069398631207
269,0.35780533038984075
270,0.9910326666803151
271,0.799618902606813
272,0.9910326666803151
273,-0.00852508582233824
274,-0.1720365530682777
275,1.5009313079926763
276,0.03235355707481702
277,0.5842447235381663
278,1.088125520386189
279,1.346424804074946
280,1.299149291906975
281,0.37992950814309623
282,1.107585667461013
283,0.9769611046768212
284,0.05794466387373021
285,0.9756088402888174
286,-0.019134062270733665
287,-0.19771605820148963
288,-0.2261148268395452
289,1.4795154511983704
290,0.5273157945769533
291,1.31936251578502
292,1.7530649055301986
293,0.22766398188530346
294,0.4654759443740666
295,0.16248340606937361
296,0.4553292369010258
297,0.6645660828354387
298,1.159372024440291
299,0.01719924956050889
300,-0.032719269772552906
301,1.8780710468538366
302,0.13808374940082402
303,1.5128064367997247
304,3.6714043379872585
305,2.829436963981369
306,1.4085345488208993
307,1.0092080273315567
308,0.9910326666803151
309,2.574300423362832
310,0.9910326666803151
311,0.17593645651554723
312,0.056060402577248425
313,1.120644260934501
314,3.4732069685859877
315,1.850501064604419
316,4.951782473412994
317,0.9910326666803151
318,0.9910326666803151
319,0.06421286441836926
320,0.3121851777167315
321,0.6464074057612841
322,0.8404535663104191
323,0.6391943264749678
324,0.12472338454232457
325,2.690862202063034
326,4.665064491980605
327,1.4894857773025372
328,0.9141994339433843
329,0.15991271599778045
330,0.20576784194092923
331,2.2059811371624285
332,0.8330835922380295
333,0.19695176050815988
334,0.7825194144011114
335,2.0099939298129534
336,-0.1900936511616571
337,1.8476583472770933
338,1.0687590696374407
339,0.27100705021341653
340,-0.07267263929868406
341,1.0983769181692544
342,-0.0070213169339119474
343,0.1767044199905179
344,1.0092080273315567
345,1.0260390365029828
346,0.4062913608771517
347,0.14657693233839453
348,1.0092080273315567
349,1.620029745034902
350,1.0092080273315567
351,0.0919281273618715
352,0.28335384220553195
353,1.042226443114135
354,0.1461272640656155
355,-0.08248695945003348
356,1.2305624414644178
357,0.5479669840499248
358,4.959796385485266
359,-0.08288900097694452
360,0.9910326666803151
361,-0.24194812206725302
362,0.024999803436902113
363,1.0218706530637753
364,2.3994314533814993
365,-0.07255620128695384
366,0.6378733952670252
367,0.1713139272616111
368,0.02528768340333798
369,1.3864690527612886
370,0.32188868899060097
371,-0.0456749654728803
372,0.9477796406600767
373,0.28501385735988904
374,1.141519845498852
375,-0.10321765589476328
376,0.6482967102455639
377,1.8288588285326348
378,0.9910326666803151
379,0.5494056937321155
380,-0.0747706404648163
381,0.6867027496893918
382,-0.02782308834612124
383,0.27857357195022203
384,1.8908099316052933
385,1.0910940033913228
386,1.976290372247366
387,1.5624603250002913
388,-0.0830993789003962
389,-0.9120658535153545
390,1.100685870417454
391,-0.1456064093613456
392,1.5459676468683377
393,1.9752474842151067
394,0.9910326666803151
395,1.0586799934514382
396,0.003869973038820973
397,0.6472075061045537
398,0.9910326666803151
399,0.39658847336942316
400,-0.04415628166999497
401,1.2400735984903584
402,0.5164421946699811
403,1.0092080273315567
404,-0.1402636650978586
405,0.10662313226417908
406,1.2253331348171521
407,0.565817814721516
408,2.1240536492007784
409,2.4563069088797427
410,2.78894672997534
411,0.24368536168895005
412,-0.02018946250883502
413,0.050502806208431394
414,0.8689333027359574
415,2.965997446277971
416,-0.11523930506951885
417,0.7600893479845929
418,2.364176341543317
419,1.0092080273315567
420,0.7991977752786745
421,0.9910326666803151
422,-0.13810006303885913
423,0.7819451034192646
424,1.0697421203039887
425,2.813641972397466
426,0.18615336299710705
427,2.025035494129771
428,0.1149345270402371
429,1.3345294243966812
430,0.9910326666803151
431,0.38636869136518115
432,2.8915041558450874
433,1.9936628615476373
434,-0.20048284547375417
435,1.038919817215504
436,0.13472843963528547
437,3.8081960303285207
438,1.1786327274362414
439,2.5087860260941177
440,2.3584612924960204
441,2.5153023188234904
442,-0.16627385707813502
443,1.0092080273315567
444,1.5136261513934421
445,0.333179588235442
446,4.425593302594951
447,0.8704954037506702
448,0.09554252879654612
449,0.6061816199361267
450,0.10698726461025743
451,3.328663484291088
452,0.793121649770729
453,0.2125630897238473
454,2.5798454111949702
455,0.5110131365234913
456,4.180760935800539
457,0.9728998808511058
458,2.022599855110844
459,0.14784645032817778
460,-0.1280007711016644
461,0.2742465179726885
462,0.29314153007793564
463,1.0092080273315567
464,1.5897643587662067
465,1.15229729790342
466,0.8829638962244992
467,2.920155290015874
468,1.0765783540393166
469,1.5481839223401046
470,-0.09992290719277364
471,0.9910326666803151
472,2.0909134314915043
473,1.3901180027365747
474,2.652433962192493
475,1.5448234971637937
476,0.9314461615417606
477,0.9910326666803151
478,3.064708957746962
479,0.02369463746923728
480,0.7644935549598024
481,3.7323230341645406
482,0.18472646416914884
483,0.13169935559976764
484,2.7989298055314187
485,-0.12085977017370553
486,0.9910326666803151
487,5.070727980877837
488,0.38793915339231333
489,0.9910326666803151
490,2.8399010367563626
491,0.4755515448891181
492,0.2853406966814198
493,0.5316891115146412
494,0.15732638456130488
495,0.3930647687683866
496,0.7886420649114605
497,0.9123095481281105
498,0.15471514302042877
499,6.0140555938742075
500,0.3981785603288479
501,2.1441809063756985
502,1.1674354537371308
503,0.6597014041328642
504,0.10239610182866343
505,0.3298714820623907
506,0.8811573239527668
507,0.9910326666803151
508,1.4292381020491582
509,1.2230148127684863
510,2.2494758148479157
511,0.9910326666803151
512,0.3715196969022152
513,-0.049632661409599876
514,0.13678597053523234
515,-0.2596613107244359
516,0.5042037454078248
517,0.05165745871220295
518,0.23397984209104905
519,3.400245645169594
520,-0.19898666058811543
521,-0.29538928786940843
522,1.5913785620360166
523,1.1259631594617652
524,1.6620038795700687
525,3.534796229831546
526,1.4456410306941514
527,3.4101593425720473
528,-0.03381982634898506
529,1.4655450758939885
530,-0.024814968594579767
531,0.7463684896916227
532,-0.29550899360789273
533,0.9910326666803151
534,0.5495454304309426
535,0.8915040905837266
536,0.22015714996125624
537,0.2048394364386361
538,1.7220164113959875
539,3.1507505173215584
540,0.33018921992202266
541,0.032606803351871605
542,-0.09304474373432114
543,0.1911686116499034
544,0.9910326666803151
545,2.1097182764438465
546,2.959688111184324
547,0.1380617317173467
548,0.9042653909893836
549,1.0092080273315567
550,1.2527562976068118
551,0.9910326666803151
552,1.1698181160845031
553,0.4573603328055249
554,0.542835335468272
555,1.417524810285034
556,0.13127433718675618
557,0.07183369465643707
558,1.0092080273315567
559,2.0619906870571647
560,0.1490908277511842
561,2.169110302239165
562,1.6063840387931698
563,1.0084441473020327
564,-0.018922821076852614
565,-0.05313704410009379
566,1.0637819537082471
567,-0.15245643922800056
568,0.6481874011286557
569,2.3390014548590337
570,2.965391039903796
571,0.29250253350106803
572,1.0092080273315567
573,0.9910326666803151
574,1.174027522616587
575,0.1701952252054646
576,0.4191755041450058
577,0.9562246792822755
578,1.0663060451985764
579,-0.21125302150791114
580,0.9910326666803151
581,1.0741791590514147
582,1.0092080273315567
583,0.9910326666803151
584,1.6336959877004809
585,0.024087036214428537
586,0.022438608148252825
587,-0.002911516435300854
588,0.7056422336327621
589,0.4868743215869138
590,0.10917592885322236
591,1.658205368419761
592,-0.17776412438503186
593,-0.03417325842634611
594,0.9910326666803151
595,2.87074596851345
596,2.1637082354454726
597,1.968309349653726
598,1.1228051948244122
599,1.0538954445498128
600,0.0642667680682969
601,2.153640302437214
602,1.8841353506693856
603,0.27191477968448297
604,0.5192255562049475
605,-0.19608090519609433
606,2.056734239924811
607,0.13807727342815568
608,2.9747050994615627
609,2.02218384889078
610,0.5361534220332835
611,0.28745122657965183
612,2.737525178444958
613,0.13770616277502157
614,1.0092080273315567
615,0.271951322355779
616,0.07127880367766082
617,-0.06895446134411642
618,0.9048118005818431
619,0.5205513637238717
620,1.6713457611516453
621,0.6957183102711504
622,1.5272779626021595
623,0.14240912559784036
624,0.9910326666803151
625,-0.09569247508529699
626,1.0092080273315567
627,3.1877583546834565
628,2.331482334684484
629,0.8396607782709005
630,-0.08111900364361802
631,0.9910326666803151
632,0.9831519067403072
633,0.6426621600791016
634,1.0092080273315567
635,0.13164623041017265
636,5.888399906558551
637,1.7204699635367326
638,1.4854928805199172
639,0.9183852352216384
640,1.0772264750953475
641,0.9910326666803151
642,1.1880537953679102
643,2.760601708560717
644,1.5387571556081419
645,2.682097634466505
646,0.142281928924195
647,0.010345346264092115
648,4.241646658758089
649,1.1365787310709727
650,1.3254922466473893
651,0.03264331501832274
652,-0.2007022110632981
653,1.8281591427631732
654,1.0092080273315567
655,0.8960837959961516
656,1.8665769540041772
657,3.5071491733162254
658,0.17873135467560886
659,1.453615508620306
660,0.146711707049338
661,0.507732580731318
662,0.23321160892935566
663,2.6576333576421582
664,-0.09580667117195318
665,1.0092080273315567
666,1.220884368902535
667,0.5168266619029289
668,1.1201994702960754
669,2.4089967218062505
670,0.0823362560660037
671,1.8516937118155745
672,2.757873405592864
673,-0.04111706329883802
674,0.12178103589780065
675,1.9420942919316992
676,0.9958066452750707
677,1.470128193174208
678,2.1056703129173577
679,0.3685149677277657
680,2.5234751923705865
681,0.26136320259046286
682,-0.17367290123310042
683,0.024456242745419132
684,0.39597311894577913
685,0.5414148058254575
686,0.4816668723909636
687,-0.1274470459238266
688,0.3135971587264983
689,0.2154825947172192
690,-0.026096349903195204
691,0.44653951358388966
692,1.974757273174351
693,2.763108125702093
694,2.1078393886076476
695,-0.010156590363646245
696,1.602429160317559
697,0.3178605253993858
698,0.337131808072332
699,0.8441104254097134
700,0.7978150447401511
701,1.6302580912430251
702,1.5069304029524808
703,1.0092080273315567
704,2.5270196428103198
705,0.5115126271534685
706,1.1843880866397747
707,0.7307644668871269
708,0.07826962172878282
709,0.49039989537310547
710,0.05140264247295434
711,1.3119178148254385
712,0.06234201960318231
713,0.45750286182162725
714,1.0092080273315567
715,0.3277530095521577
716,1.5850034768233066
717,0.23168182657029845
718,0.6111049382209224
719,0.9951291741323764
720,-0.05510003503890104
721,1.2910264848193158
722,0.29135655050594167
723,0.9570358740142986
724,1.2174537919458324
725,0.4012256667202685
726,0.9910326666803151
727,0.7709931428631656
728,0.1970416713380594
729,0.5715037977208688
730,0.3991159772494832
731,0.4840782877080194
732,0.9910326666803151
733,-0.050012684461943735
734,1.5316535503485973
735,0.5407556827366768
736,2.8491259470872485
737,1.036920730387056
738,0.5133579117493703
739,4.796783008889566
740,1.181482559727261
741,0.43745336133286017
742,1.5601249117526557
743,0.35920842320432556
744,0.9910326666803151
745,-0.07697558925992709
746,1.0330146058996554
747,0.4436820573243274
748,0.07991819797858923
749,0.5616746591556883
750,3.26346128353622
751,4.275311432097329
752,0.9910326666803151
753,1.6955410816777778
754,2.0209422854163
755,2.162983382555229
756,0.9910326666803151
757,-0.060818083558569214
758,1.076639997906728
759,0.9910326666803151
760,0.8329165291256011
761,1.0092080273315567
762,3.3804699902242312
763,0.24774437951548478
764,0.4249490122236246
765,0.9910326666803151
766,0.5671957839584714
767,0.21647163839383055
768,0.21607626321729256
769,0.333776800103454
770,-0.14943962313732229
771,0.6162052194363135
772,4.7079717591293395
773,1.2852625102084865
774,1.0092080273315567
775,0.3082953624357181
776,0.4096679717852574
777,1.0092080273315567
778,1.5472033940013041
779,2.163137152694265
780,0.3278749014855187
781,0.9910326666803151
782,1.7269092402070676
783,0.41802725586409295
784,2.771912779220532
785,1.8836095846255496
786,0.09522463423200023
787,0.25344279927002233
788,3.7441652609846763
789,1.0008003406974133
790,1.3659971044465813
791,-0.0785358291754612
792,1.7500862660414676
793,5.810476666399541
794,-0.013441951317883394
795,0.8924383004682461
796,-0.1774017374586485
797,0.08040748951036747
798,0.44756326326539764
799,0.23011149774622552
800,0.11620572915386518
801,0.8311863512323505
802,0.5617897667521454
803,1.3021118298046197
804,2.4426056452434075
805,1.8775474687561093
806,1.365346147501942
807,4.476439250838087
808,1.3142756308241594
809,1.45364287361814
810,0.5522480769870306
811,1.0092080273315567
812,2.039433572694737
813,2.5579213774623675
814,0.9700918318609304
815,0.8059933123372396
816,-0.040200481951341516
817,0.5694871750997557
818,1.557407669145551
819,0.08895646030923743
820,-0.035118207380559596
821,2.277076782737243
822,4.072370943006877
823,1.22797019860052
824,0.9395696345281301
825,0.5104908543740301
826,0.3145343865484058
827,2.2486516074936738
828,1.8912385646170726
829,0.7323943089540883
830,1.941821172855203
831,0.2344525537326838
832,2.4657943985430855
833,0.4014989843999395
834,-0.06439573305199175
835,0.18939410235008225
836,1.8762783037682773
837,0.3561137665644658
838,2.484113092254109
839,1.7743308284641905
840,0.8941017470947266
841,2.0821980464942733
842,0.03774983997941561
843,0.07185205930902683
844,0.19796471260882598
845,0.341303465142051
846,0.9910326666803151
847,3.4564385252504515
848,1.0092080273315567
849,0.3052900645916914
850,1.4599157965365528
851,3.650621311941439
852,0.7540245355717623
853,2.145873014702193
854,-0.054689571236178125
855,3.363823327484443
856,3.3474359753680467
857,0.3377859462505519
858,-0.05355369510460761
859,0.8381348689994077
860,0.009054808798669711
861,1.2425574571274645
862,3.0712636174420034
863,0.1012971346043976
864,0.9910326666803151
865,0.6981518444915089
866,0.4881403133605211
867,2.606090053012384
868,-0.042128859722549095
869,1.658932837201963
870,2.044576620217061
871,0.5012921475877086
872,0.08996425929881369
873,1.423341768563251
874,0.3178628807719299
875,1.0267230919901529
876,3.406158922812427
877,-0.06266615412051735
878,1.048176546457558
879,1.440418547976197
880,2.0474849769035366
881,1.9254131597250996
882,1.4074379048084218
883,2.346897473964237
884,1.82578907995968
885,0.09307030128939076
886,1.291538633368237
887,0.2515056718884132
888,-0.021943496661162243
889,0.13526600229794283
890,0.15665993574036818
891,0.04686840669727488
892,0.7448583410008389
893,0.23709961143730496
894,1.9045436803238438
895,1.4110298317551049
896,1.4502162519311135
897,0.38926178100762243
898,0.6988029340383157
899,0.1389953399341728
900,-0.08096986605444201
901,3.5124605270269633
902,5.417580843637371
903,0.03105399022904365
904,0.00912779798294494
905,1.9103559101598542
906,-0.09742067072393112
907,0.6266832636625743
908,2.695180844516347
909,1.2795249126544839
910,0.29902350274521794
911,-0.12350076417881084
912,0.3961421293324072
913,0.32180950270172914
914,0.9910326666803151
915,-0.06998221198893972
916,-0.08116240689731669
917,-0.12127729836931778
918,0.5310239471004827
919,0.21085259530712008
920,0.9620327657763603
921,1.9467282963653822
922,0.13054740875434234
923,2.550100000953467
924,1.2183888707781882
925,0.16692144397210384
926,3.79857893156775
927,0.060240363745084125
928,0.28325126319400695
929,3.9481767655662914
930,1.3973749180016632
931,0.1804590211301509
932,1.5174389237238763
933,0.4331797175038794
934,0.14639065203572343
935,0.09068049954275992
936,0.2932560013288601
937,5.067275551271894
938,0.33352668372815586
939,0.2553120662582167
940,1.203964334356204
941,0.6211808405528707
942,1.1813906068995728
943,0.292505910168007
944,1.4414287773733925
945,1.0092080273315567
946,0.9910326666803151
947,0.25063681368134283
948,1.4834908852330848
949,1.0092080273315567
950,0.4591460075663356
951,-0.038895239541101745
952,-0.146135417781192
953,1.0798522746657575
954,-0.044792026910624116
955,0.14781193973594853
956,0.16800309278868397
957,1.3083947781890295
958,0.9393751439957789
959,1.5888599927584899
960,-0.07268247551088436
961,0.8378370065860175
962,0.29846616802727866
963,3.16233481157791
964,0.4961146682931492
965,0.012474088746035505
966,0.8021070883309456
967,2.7242571830061486
968,2.7323729783120605
969,1.3545651331663642
970,0.5153250149063417
971,4.3864198098531695
972,1.4132999618425295
973,1.0092080273315567
974,0.29216723114199183
975,2.253681094451668
976,5.732926576597709
977,0.08033666772921677
978,-0.08407340200581004
979,0.00784784751430223
980,3.8120597625531225
981,1.5394169576281804
982,0.1505912828981657
983,1.241876886900048
984,-0.14012522958274687
985,0.19045469280063188
986,0.37963309426588765
987,0.5637789203161567
988,1.367403921508572
989,4.147776871581062
990,1.5315364316535245
991,0.6321512009931105
992,1.112900055883859
993,1.30136149090821
994,0.03675190603751233
995,1.6136282190726554
996,-0.08611660934856147
997,-0.09741528114865261
998,0.3861433700005712
999,4.384833291997371
1000,0.8973319819937622
1001,0.3785772662158031
1002,4.420723724938103
1003,0.9669980587969356
1004,0.13603023867766595
1005,5.083718844504279
1006,2.255812234416613
1007,1.2575074953082215
1008,1.0790039651507648
1009,-0.017560018504365615
1010,4.261391297499177
1011,2.410159524499978
1012,1.6572405984083396
1013,1.6219690908028959
1014,0.49402585636817165
1015,0.42264177274670445
1016,0.11621516824242306
1017,1.4209925282113893
1018,1.0533125786247304
1019,-0.0025971513893061626
1020,1.6475318881089613
1021,0.5424880384843966
1022,1.1795272102758538
1023,-0.07864939913845248
1024,0.9910326666803151
1025,0.3937292662452485
1026,0.687794043363045
1027,0.9870370164689923
1028,2.489561465646762
1029,1.2870116605643496
1030,0.5959208615230871
1031,5.0289973746947005
1032,0.9693845963002339
1033,0.8831471977387544
1034,0.33420579547605556
1035,-0.03591421588152954
1036,0.36065850930093646
1037,0.06495585781310709
1038,2.4962794494569387
1039,0.1970088629658342
1040,4.198696763302781
1041,0.8277812041126715
1042,-0.008468212593879088
1043,0.9910326666803151
1044,1.3275756262430498
1045,-0.08785256354822124
1046,0.9910326666803151
1047,1.8876570353902373
1048,0.9910326666803151
1049,-0.18809377677747463
1050,5.675075467831551
1051,-0.02499011620490066
1052,0.7375199772132426
1053,2.516744836160786
1054,-0.021470324422022458
1055,0.85180970563896
1056,-0.019691483674488808
1057,0.8472812917156496
1058,-0.1620121941608197
1059,0.9910326666803151
1060,0.02645078283545743
1061,2.0467780750206437
1062,0.45583666591612726
1063,-0.05456044684047967
1064,1.0106814647988251
1065,1.4523953427595764
1066,1.637449654088801
1067,1.561694500650038
1068,0.9910326666803151
1069,2.8054996973303794
1070,1.0092080273315567
1071,0.9910326666803151
1072,0.3004319142697689
1073,0.40471815272495704
1074,0.6354009744426783
1075,1.0092080273315567
1076,2.8912062848641433
1077,3.999109963402237
1078,3.7597063865099933
1079,3.3402547820165758
1080,-0.022282732981192765
1081,1.5330464467578402
1082,0.681225992516648
1083,3.0428794075178764
1084,0.6377675428812957
1085,-0.12877749102149139
1086,1.49139042902981
1087,0.2894586103586114
1088,0.4289536011186108
1089,0.23060745465101107
1090,-0.005286995808955197
1091,2.706474706171651
1092,2.931105962397158
1093,1.0092080273315567
1094,0.573474483066196
1095,-0.03067326019528238
1096,-0.21489970848245932
1097,2.609983114992236
1098,0.9910326666803151
1099,2.2935753523001843
1100,1.1837826880616724
1101,5.5378072986974765
1102,0.2998373826905443
1103,1.7792884560082491
1104,3.058051657886086
1105,4.323325472446687
1106,0.0955430781943285
1107,1.5315036837264309
1108,-0.26042353808425034
1109,1.038482617455589
1110,0.9910326666803151
1111,0.211825667310098
1112,0.40704222429427617
1113,0.8636690999189689
1114,0.14774423331083497
1115,0.16211506694121525
1116,0.9910326666803151
1117,0.971752712665694
1118,1.5758400592005053
1119,2.061112140892522
1120,1.1465543258001283
1121,-0.08005748983323357
1122,1.714907394896148
1123,0.9910326666803151
1124,1.9340865491514485
1125,-0.15345101785664994
1126,2.9320786124049967
1127,4.324231636122409
1128,-0.05050535531672651
1129,-0.1282304151066107
1130,-0.27894958755571153
1131,1.4078402529815328
1132,0.0895942738155675
1133,3.6167376352339495
1134,2.763505111655764
1135,1.385276444538409
1136,0.054121971803045454
1137,0.6582825500712381
1138,0.560870440356144
1139,0.7373365865027388
1140,0.5510627682813158
1141,6.037298613726978
1142,1.0092080273315567
1143,0.01734263577764139
1144,0.7993299593546119
1145,0.11737461324507947
1146,1.2328251708305977
1147,0.46675466532154886
1148,0.9141607099478399
1149,0.7361538106074939
1150,0.35426880036049013
1151,0.5700684693247702
1152,-0.031055992892799367
1153,1.3331558149110272
1154,0.9910326666803151
1155,0.858539075600266
1156,0.9360529605769337
1157,-0.05997225827367103
1158,0.2786584876775926
1159,1.1307086990222963
1160,2.1469558890006972
1161,1.4804305701904816
1162,0.5459265750865718
1163,0.4889244988192907
1164,0.9910326666803151
1165,0.9510983349078863
1166,0.04373348267175814
1167,0.37475567303288315
1168,1.1282704724688308
1169,-0.12831341816071173
1170,1.6986707026894585
1171,1.2152784789816913
1172,1.2808292892296897
1173,0.13365394836045041
1174,0.3040329582218426
1175,0.04578439505774057
1176,0.5285037419098906
1177,0.09926278649600206
1178,0.9910326666803151
1179,0.9002513526939886
1180,1.5974055572700543
1181,4.702711118389846
1182,0.3257218016303689
1183,2.532609758888544
1184,-0.038942074832061024
1185,4.7010856838602315
1186,0.5629441237920112
1187,1.9895738861958883
1188,1.097752949365134
1189,-0.2500242540468882
1190,-2.005274142622863
1191,-0.08535520613186165
1192,-0.0007172679539841909
1193,0.029237168174791606
1194,1.0092080273315567
1195,0.15463242139866296
1196,1.2196451497091978
1197,2.468874406205533
1198,2.8339153540980995
1199,0.14354558858802946
1200,0.31846109953237445
1201,1.1345766250840263
1202,1.7867808393461821
1203,2.923602999232049
1204,2.3750821766777115
1205,0.5616268575494594
1206,0.05731283649508967
1207,0.9964126361199881
1208,1.0092080273315567
1209,-0.35183296382338014
1210,1.5958603940023188
1211,0.1412524740160741
1212,0.3953808781782193
1213,0.8144483260282307
1214,0.3276771349566623
1215,0.5845016161844008
1216,0.7083041145999012
1217,-0.025669710334693008
1218,0.507729527531172
1219,1.469517239104949
1220,1.229565183371438
1221,0.34992833772337306
1222,0.32814283273159006
1223,0.09229648864566187
1224,1.2781075118631868
1225,0.9910326666803151
1226,0.16722440646428893
1227,0.941909470135375
1228,2.1031442107202913
1229,0.6845442875403371
1230,1.1433395529912111
1231,-0.019751470986886233
1232,1.253161460904824
1233,-0.20012748001489555
1234,0.9910326666803151
1235,-0.008758659263843782
1236,1.00202330173504
1237,1.9325672036057888
1238,-0.13175502179911902
1239,1.3245747261354275
1240,1.8287229986136602
1241,-0.20949402722341048
1242,0.08567431349660026
1243,1.5066107404219231
1244,0.8931519338886353
1245,0.22083301686852863
1246,0.20188374937383813
1247,0.8802810071785991
1248,1.0092080273315567
1249,0.030951975238441065
1250,1.0092080273315567
1251,0.9910326666803151
1252,2.173605450108017
1253,4.220107662040892
1254,0.22663902846129602
1255,0.7612587773870594
1256,1.2869688583186196
1257,0.5336751988786439
1258,-0.041387625116225735
1259,1.4020247580266876
1260,0.7985409402226544
1261,6.167180351617777
1262,1.6239910835770281
1263,1.7710347021322157
1264,-0.06028363143526505
1265,0.02868103972194902
1266,3.7225073925376826
1267,1.8786848947730626
1268,0.25134883700552635
1269,4.462900190720223
1270,0.6531310681249813
1271,0.4825091753653403
1272,0.19972351029860036
1273,-0.14538156391786217
1274,0.37796421191756124
1275,2.356805904649196
1276,0.8482137614410483
1277,0.9344045599124691
1278,-0.005427880161175125
1279,0.8184286783838282
1280,0.13563094538999465
1281,1.010390420498755
1282,0.12374586512509111
1283,-0.12401072177545913
1284,0.9910326666803151
1285,1.131314489183854
1286,0.9472288526336463
1287,0.38117183237692487
1288,0.6391835215413728
1289,1.026326619984662
1290,1.178783611532868
1291,0.16310094026248478
1292,2.8569895975540938
1293,0.2383781503461826
1294,3.57334085906108
1295,1.6780772380160904
1296,3.5829086766381018
1297,1.073844715171493
1298,0.6268818489838743
1299,3.110810351213207
1300,0.8577330758868023
1301,2.7490011052789107
1302,6.002960144624456
1303,1.7194730832810485
1304,1.8666530884276433
1305,0.1638729936515695
1306,3.003726940666059
1307,0.9425886218771673
1308,0.9910326666803151
1309,0.6218646333425575
1310,0.9910326666803151
1311,0.9883741765607859
1312,0.8591189602016591
1313,0.28087971562154124
1314,2.839849212218656
1315,0.7422969198994913
1316,1.3646336917466222
1317,2.202554918928957
1318,4.1660967495364964
1319,0.678953602546688
1320,0.9910326666803151
1321,0.5248876055260219
1322,0.06286199629197498
1323,2.3241129575522343
1324,-0.09160729978169613
1325,2.762225159756202
1326,1.1693487512151712
1327,3.8700595568437173
1328,1.4988986527287587
1329,0.549074459965869
1330,1.8667040994966335
1331,0.20380910316537282
1332,0.4997642048061728
1333,0.8736867738616532
1334,0.37803623359410565
1335,5.108213315740944
1336,2.4660812927248124
1337,-0.19334722413914207
1338,0.9910326666803151
1339,0.2623661667083077
1340,0.033105605519541115
1341,0.5936404561570505
1342,0.8878945039583535
1343,2.1804451147307766
1344,0.9910326666803151
1345,0.08193652153714837
1346,0.5773280459487076
1347,1.1910973689982036
1348,1.7412392282037565
1349,0.4606179721804331
1350,0.9910326666803151
1351,0.4605286821884995
1352,2.2637779523944808
1353,0.9910326666803151
1354,-0.13277150190715403
1355,-0.08963315603149269
1356,0.9910326666803151
1357,2.1104700075743956
1358,1.01738393778054
1359,1.614978549596561
1360,1.5887086040412903
1361,-0.2700481739573881
1362,-0.12090756313524409
1363,3.5456831419662542
1364,2.165967455075066
1365,0.612392747324737
1366,0.027612458703334397
1367,-0.04347198098470173
1368,1.1006369679382608
1369,3.0117003703372696
1370,0.4675707939966749
1371,0.2317927896265708
1372,0.39674595051984696
1373,0.3930049548645691
1374,-0.05151889174170421
1375,0.5497146155064918
1376,0.05842968189238107
1377,0.7067438710249583
1378,0.755960161967483
1379,0.37803182730788265
1380,-0.014604594845490482
1381,1.7345373496153123
1382,3.210450342761238
1383,0.4860932101197939
1384,1.9091483723132008
1385,0.47674248792275264
1386,0.4910970785720572
1387,0.3952232878273101
1388,0.23048923009996614
1389,0.8858393033938121
1390,0.01804901965578054
1391,0.9910326666803151
1392,0.011464234371818094
1393,3.5373923084639394
1394,3.524933818052819
1395,0.9579845112183882
1396,3.7684999588002945
1397,0.9910326666803151
1398,0.7261913328508633
1399,0.9910326666803151
1400,2.8627216480331192
1401,0.017622175353029235
1402,0.31810522871454694
1403,0.8238819389246608
1404,0.16082228500942009
1405,0.9910326666803151
1406,0.9623819735605146
1407,1.958099927455283
1408,1.7048887964847275
1409,0.6868418507417466
1410,1.3169648448003848
1411,0.6806731499983023
1412,0.7933847313631652
1413,-0.07588921348094502
1414,2.0633948305644374
1415,0.46383049686231814
1416,1.0092080273315567
1417,0.009640996843518934
1418,0.7036060799570585
1419,0.21165305477648033
1420,0.011706346817664581
1421,0.9910326666803151
1422,0.23222545479284307
1423,5.511482572932767
1424,-0.09744528097258964
1425,-0.06976550606010434
1426,3.3263558458759697
1427,3.1532113488104194
1428,0.6183831544152447
1429,0.5207448327575328
1430,0.10742384691126361
1431,1.129135225953224
1432,0.9425563770532115
1433,0.2120324933796276
1434,7.243500384106131
1435,3.429150818693916
1436,0.09242193116999786
1437,2.6477087199431146
1438,-0.02260362980912234
1439,0.41158162846879875
1440,1.2119156722636042
1441,1.136956894156345
1442,-0.22367789971839258
1443,0.33204589227038994
1444,0.19153912862212863
1445,1.696986195972432
1446,2.5968863526103867
1447,0.4370270881174072
1448,-0.29219085375769893
1449,4.108373718917097
1450,1.19463585856737
1451,-0.03727384320081839
1452,0.14835439992440413
1453,0.7511457452802581
1454,3.643615021023198
1455,2.9507461385464815
1456,1.0092080273315567
1457,0.6206043478251679
1458,0.685213101671355
1459,0.5664645563883717
1460,0.36422205223913195
1461,2.47718617869997
1462,0.9910326666803151
1463,0.9910326666803151
1464,0.08286704740151052
1465,0.48506817801687774
1466,1.8723410527499489
1467,0.5572440195056636
1468,0.8177098822588285
1469,1.8551576249646935
1470,0.39679773305373445
1471,0.7127542716850037
1472,0.1143746078184229
1473,0.9910326666803151
1474,0.14780673061988026
1475,1.0092080273315567
1476,2.1207023161053833
1477,0.25705893403862845
1478,1.423814445428139
1479,0.9677884391476717
1480,1.414110684115986
1481,-0.09405731760712044
1482,1.0092080273315567
1483,0.08873912904049419
1484,1.61981638192292
1485,1.6882903627671801
1486,1.1998519718061864
1487,4.800607275707581
1488,2.993404301455417
1489,-0.0448300732015916
1490,2.9231772411904338
1491,2.9672319159577007
1492,0.5123791058228342
1493,0.04587955716197101
1494,0.6274789985103446
1495,0.5258962786258401
1496,1.6597258465435978
1497,0.3302183090585693
1498,0.40941659653923423
1499,0.26457411235081807
1500,-0.17373152949233983
1501,0.7173080405437311
1502,0.1949450621488502
1503,1.0092080273315567
1504,1.5136173305538598
1505,1.5120420426673498
1506,1.3035266005022557
1507,0.6323743458060456
1508,1.3552855077736474
1509,2.3302158374082644
1510,0.8897155842961304
1511,2.7354413809065825
1512,3.6359742871326723
1513,4.461172600375267
1514,2.1457822993912608
1515,1.0982528728691143
1516,1.0092080273315567
1517,1.669804043785394
1518,1.0092080273315567
1519,0.9910326666803151
1520,5.411712079635539
1521,0.040089421171661144
1522,0.47000605989096655
1523,0.12525825267993085
1524,0.72156574788578
1525,1.302867678978192
1526,0.5709054226536985
1527,0.4842717074471814
1528,0.9910326666803151
1529,0.4521613109051721
1530,0.16495518377063334
1531,1.0092080273315567
1532,0.3244444180499393
1533,1.7013331578786968
1534,2.050476568354771
1535,0.32708179442498775
1536,1.0092080273315567
1537,1.3866796428869073
1538,-0.050952802673929654
1539,-0.15401262064757404
1540,-0.13205628923396873
1541,0.9910326666803151
1542,2.3884206763185496
1543,0.8724043926799148
1544,4.449601867408422
1545,1.825924850984098
1546,1.7971147225501802
1547,2.229402007848808
1548,0.9422734141522717
1549,0.008072380823808345
1550,-0.2924180756830985
1551,1.1102213970480541
1552,1.4318240322997902
1553,1.803181557903077
1554,0.7934114099096412
1555,1.673716591614653
1556,0.7439272853541645
1557,-0.054164630629781385
1558,2.6339650160350523
1559,1.422043695874084
1560,0.9910326666803151
1561,1.8518514827497832
1562,0.005683695063499528
1563,0.992883842367906
1564,0.9111438243212895
1565,2.502285518299278
1566,2.2768004331253344
1567,3.3651482408331397
1568,0.34858392755159073
1569,0.013844982348690138
1570,0.4101275133405018
1571,2.0992549820342
1572,6.060800440205288
1573,-0.05546657420326184
1574,-0.040278798124301574
1575,0.0076693894821922015
1576,1.0092080273315567
1577,0.16394558074687282
1578,0.8141564033812081
1579,0.18987531732289042
1580,0.6972338547112606
1581,1.1386007067484805
1582,-0.1156354355822593
1583,1.0232466658804817
1584,0.9910326666803151
1585,0.6568584495533294
1586,1.0092080273315567
1587,0.028786927134536455
1588,-0.06006756557344417
1589,0.11408240457756236
1590,0.09161852764559697
1591,0.21653467098046875
1592,1.2334135141282907
1593,0.7674600813558534
1594,0.04006484501791263
1595,0.41389954084921854
1596,0.28272196440842734
1597,1.7776865202503025
1598,0.044307733454548526
1599,0.905435869268775
1600,2.3639512426945437
1601,0.029573304160738445
1602,1.2800826498689055
1603,0.2646578511021751
1604,0.8642028588360411
1605,0.7002064179688894
1606,1.0092080273315567
1607,0.2161051227790729
1608,1.1034932545679688
1609,1.6677441703646885
1610,1.7185116420820243
1611,1.345254058697197
1612,-0.009306629589627136
1613,0.2941354430454801
1614,2.9958025564130715
1615,2.7119550788659588
1616,0.38155582883523564
1617,1.0092080273315567
1618,-0.08828507386358453
1619,0.9658182452526951
1620,4.968407200955188
1621,1.0092080273315567
1622,3.67595440374048
1623,1.4192586027950718
1624,4.1269567906687605
1625,1.153258105309522
1626,0.018441469587219927
1627,1.1445721303007197
1628,1.0092080273315567
1629,0.08674694654876092
1630,3.304387468041501
1631,0.546713932496278
1632,1.1312203330519317
1633,2.328383758145595
1634,0.05427008005579026
1635,3.8577993414750615
1636,0.9910326666803151
1637,1.05370018942914
1638,0.8507823744175091
1639,-0.12248568337100707
1640,0.9199077795674278
1641,0.6627458288175951
1642,1.0092080273315567
1643,1.0092080273315567
1644,0.6317763460424324
1645,1.3643318683625019
1646,2.5726538504738876
1647,0.05964966608535249
1648,0.6041355776833264
1649,0.29114647293697615
1650,2.056213845647779
1651,-0.04237918976299326
1652,1.4620237074334348
1653,2.367640760360917
1654,1.0092080273315567
1655,2.7231252131123718
1656,1.671448993820821
1657,1.4842773768027548
1658,0.20808688473964665
1659,0.9910326666803151
1660,0.7929172069358863
1661,0.6945888296245819
1662,0.291093307206598
1663,0.17392131785588916
1664,0.07386542551693154
1665,1.0637364490933017
1666,5.255375971369393
1667,1.1430552471732547
1668,-0.06588812200767435
1669,2.9048556505699032
1670,0.15170628937095287
1671,3.742335675173752
1672,0.029956024963087913
1673,1.6505960408488711
1674,0.4996809970859779
1675,2.153688152854432
1676,1.0486829543840948
1677,1.4229192625850153
1678,2.659606997584138
1679,0.9648499329484146
1680,1.4296325107641117
1681,-0.12081860995000326
1682,0.3345838915166617
1683,2.0669033508494756
1684,0.7951628513048838
1685,4.452824902201758
1686,0.13183311238286777
1687,1.1137358136971223
1688,2.3249078519041184
1689,-0.028980689434217055
1690,0.11290202911463965
1691,0.34301113296412566
1692,0.0002600407088273471
1693,-0.2470158427628455
1694,-0.10522198438298958
1695,0.1721400457316129
1696,1.0869188467942656
1697,0.8628435115652913
1698,1.5037971228853628
1699,1.2638285571156196
1700,1.0092080273315567
1701,0.9910326666803151
1702,5.054201371453576
1703,0.5518358374604198
1704,1.300265665629457
1705,-0.023571844435888778
1706,0.9740160993693401
1707,5.666703083977826
1708,2.3093281361480997
1709,0.8653125812566493
1710,0.9910326666803151
1711,0.47775021478127044
1712,0.6818730303489708
1713,0.3683683564111
1714,0.7380189257508398
1715,0.021811810493819195
1716,0.08185738471683024
1717,5.086053910292936
1718,0.8609711378620553
1719,0.25496600198652075
1720,0.9867772794217906
1721,0.8520671033274887
1722,-0.08922260701025309
1723,2.799790345062025
1724,1.1597026449655807
1725,3.2314645046857784
1726,1.5372694951586148
1727,0.1539127169141814
1728,2.807414598776962
1729,0.3293817471632572
1730,1.0386762876976725
1731,0.3589636900293165
1732,-0.09326260849315915
1733,0.3839988004872801
1734,1.408361328893978
1735,-0.09770977928941349
1736,1.2002086259906157
1737,0.08198551641838847
1738,2.0329913017969723
1739,0.2860913073841864
1740,0.8076090907973033
1741,0.1935196710627345
1742,0.46831120014535443
1743,2.2267147784653964
1744,1.34035728593118
1745,0.9990629286061115
1746,0.5754277928358995
1747,1.0092080273315567
1748,0.4738363377952517
1749,0.1855873973705009
1750,0.03313909679217275
1751,-0.025266838006881898
1752,0.742349264792086
1753,1.1267609934552532
1754,0.9531018831893228
1755,2.6596087835195483
1756,0.820694420139592
1757,3.1366791703692805
1758,1.611391705609595
1759,5.451152985991019
1760,3.041022270852796
1761,1.0092080273315567
1762,0.5862323987510543
1763,1.0092080273315567
1764,-0.18659877748053688
1765,1.8391584203882765
1766,0.18195326585901128
1767,1.4744537565574554
1768,0.9910326666803151
1769,0.06591204517359373
1770,0.19420521191914375
1771,0.0029977494461270737
1772,1.119170098758321
1773,-0.017982523892737134
1774,2.1456826306643855
1775,1.2318308568351775
1776,-0.11472262442255143
1777,0.2235060177592807
1778,0.5947515748417125
1779,0.3965753573339619
1780,0.057972200588086054
1781,2.5117084501385882
1782,0.9910326666803151
1783,3.5716858832919236
1784,2.6571995188895023
1785,1.070264843808264
1786,2.4479717899825353
1787,0.36052397739677033
1788,0.2706463432403332
1789,0.1912033991651363
1790,0.9910326666803151
1791,1.987517584961541
1792,1.629946618697307
1793,-0.13506539051321553
1794,-0.11631481137636612
1795,5.078980396463738
1796,4.293119768994746
1797,3.3440194616502374
1798,1.740055269529865
1799,3.9340163178341534
1800,1.9180073690615593
1801,1.8988329651501665
1802,0.9910326666803151
1803,3.0055502755905543
1804,1.0484213854716593
1805,4.3850435154742975
1806,1.2258774462427944
1807,0.9910326666803151
1808,2.0099939298129534
1809,-0.002935376823142377
1810,0.11219914242069606
1811,0.35589686222805383
1812,1.0092080273315567
1813,0.6402357657229807
1814,1.231386295307562
1815,1.7112236440216186
1816,0.9910326666803151
1817,1.855110831704156
1818,1.32098875533028
1819,1.7059165601187836
1820,0.07459787371765358
1821,0.3780245756009215
1822,1.7401579283932627
1823,0.5890899454256449
1824,0.36273087100987667
1825,2.5880492443915735
1826,0.4618398869667324
1827,0.277343852172681
1828,1.2898717803576467
1829,2.420060647155527
1830,0.8028110149221455
1831,0.8026484919373509
1832,0.27166173353815637
1833,0.9910326666803151
1834,2.6960139413015334
1835,0.3438041343902576
1836,-0.12233678116991697
1837,0.004867423296548878
1838,1.138057810027579
1839,0.37995824572930204
1840,0.933946052934278
1841,3.0073102639529914
1842,0.9910326666803151
1843,4.487690704615876
1844,1.6622769496944905
1845,2.890199837920978
1846,1.6862856676962004
1847,3.074520376068836
1848,0.9910326666803151
1849,1.0092080273315567
1850,0.6133609371902828
1851,0.40089243523077656
1852,1.1793980697036552
1853,-0.13391284828942318
1854,1.0163701515976307
1855,2.3366375411393854
1856,1.6680946213366958
1857,-0.1273282662566082
1858,0.1992309995070407
1859,0.6766508986848301
1860,0.03136227026714167
1861,0.473544707263148
1862,3.6092412292622846
1863,2.2002710781375647
1864,1.0592479807937032
1865,2.9047647281005204
1866,0.5020638730498383
1867,0.6298278425951374
1868,0.4097099636864421
1869,3.149088687070435
1870,0.015275789891109781
1871,0.3864872035847391
1872,3.220365605103087
1873,0.07471425117443076
1874,2.559115034487821
1875,0.668241560839693
1876,5.350201239920853
1877,-0.11545790900425956
1878,0.32746587198152
1879,0.8348802742176993
1880,0.8949625044851253
1881,0.08247834705280255
1882,1.62463439689326
1883,2.681610524539895
1884,1.0092080273315567
1885,3.5230169844395967
1886,1.2441523551086568
1887,2.8164787481762694
1888,5.427001139226537
1889,0.5863966546673289
1890,2.374322839594061
1891,0.9910326666803151
1892,-0.12628380247322113
1893,3.0724550770102503
1894,0.6875704021114082
1895,-0.006339626478176541
1896,0.6268224524269392
